{
 "colors": [
  [
   16711422,
   [
    0,
    0,
    0,
    0,
    0,
    0,
    0,
    0,
    0,
    0,
    0,
    0,
    0,
    0,
    0,
    0,
    0,
    0,
    2,
    14913,
    0,
    0,
    3,
    5708,
    1,
    0,
    0,
    51372,
    3,
    36403,
    2,
    11662
   ]
  ]
 ],
 "edges": [
  0,
  1,
  2,
  3,
  4,
  5,
  6,
  7,
  8,
  9,
  10,
  11,
  12,
  13,
  14,
  15,
  16,
  17,
  18,
  19,
  20,
  21,
  22,
  23,
  24,
  25,
  26,
  27,
  28,
  29,
  30,
  31,
  32,
  33,
  34,
  35,
  36,
  37,
  38,
  39,
  40,
  41,
  42,
  43,
  44,
  45,
  46,
  47,
  48,
  49,
  50,
  51,
  52,
  53,
  54,
  55,
  56,
  57,
  58,
  59,
  60,
  61,
  62,
  63,
  64,
  65,
  32,
  65,
  31,
  66,
  66,
  67,
  33,
  67,
  30,
  68,
  68,
  69,
  34,
  69,
  29,
  70,
  70,
  71,
  35,
  71,
  28,
  72,
  72,
  73,
  36,
  73,
  27,
  74,
  74,
  75,
  37,
  75,
  26,
  76,
  76,
  77,
  38,
  77,
  25,
  78,
  78,
  79,
  39,
  79,
  24,
  80,
  80,
  81,
  40,
  81,
  23,
  82,
  82,
  83,
  41,
  83,
  22,
  84,
  84,
  85,
  42,
  85,
  21,
  86,
  86,
  87,
  43,
  87,
  20,
  88,
  88,
  89,
  44,
  89,
  19,
  90,
  90,
  91,
  45,
  91,
  18,
  92,
  92,
  93,
  46,
  93,
  17,
  94,
  94,
  95,
  47,
  95,
  16,
  96,
  96,
  97,
  48,
  97,
  15,
  98,
  98,
  99,
  49,
  99,
  14,
  100,
  100,
  101,
  50,
  101,
  13,
  102,
  102,
  103,
  51,
  103,
  12,
  104,
  104,
  105,
  52,
  105,
  11,
  106,
  106,
  107,
  53,
  107,
  10,
  108,
  108,
  109,
  54,
  109,
  9,
  110,
  110,
  111,
  55,
  111,
  8,
  112,
  112,
  113,
  56,
  113,
  7,
  114,
  114,
  115,
  57,
  115,
  6,
  116,
  116,
  117,
  58,
  117,
  5,
  118,
  118,
  119,
  59,
  119,
  4,
  120,
  120,
  121,
  60,
  121,
  3,
  122,
  122,
  123,
  61,
  123,
  2,
  124,
  124,
  125,
  62,
  125,
  1,
  126,
  126,
  127,
  63,
  127,
  0,
  64
 ],
 "enclosure_point": [
  1.6727244983596552,
  1.7881895170519568,
  2.5943541618982224,
  5.24272526131075
 ],
 "enclosure_radius": 2.2940566109712366,
 "max_bounds": [
  2.872236209658961,
  3.5554741741054396,
  3.1619592584115357,
  15332.0
 ],
 "min_bounds": [
  0.7838864728770886,
  0.0,
  1.1939421683070115,
  -16446.000106813153
 ],
 "name": "Silo",
 "normals": [
  [
   0,
   0,
   0,
   1
  ],
  [
   1,
   1,
   0,
   1
  ],
  [
   2,
   2,
   0,
   1
  ],
  [
   2,
   3,
   0,
   1
  ],
  [
   3,
   4,
   0,
   1
  ],
  [
   3,
   5,
   0,
   1
  ],
  [
   4,
   6,
   0,
   1
  ],
  [
   4,
   5,
   0,
   1
  ],
  [
   5,
   7,
   0,
   1
  ],
  [
   5,
   8,
   0,
   1
  ],
  [
   6,
   9,
   0,
   1
  ],
  [
   6,
   10,
   0,
   1
  ],
  [
   7,
   11,
   0,
   1
  ],
  [
   7,
   11,
   0,
   1
  ],
  [
   8,
   12,
   0,
   1
  ],
  [
   8,
   12,
   0,
   1
  ],
  [
   9,
   12,
   0,
   1
  ],
  [
   9,
   13,
   0,
   1
  ],
  [
   10,
   13,
   0,
   1
  ],
  [
   10,
   14,
   0,
   1
  ],
  [
   11,
   14,
   0,
   1
  ],
  [
   11,
   15,
   0,
   1
  ],
  [
   12,
   16,
   0,
   1
  ],
  [
   12,
   16,
   0,
   1
  ],
  [
   13,
   16,
   0,
   1
  ],
  [
   13,
   17,
   0,
   1
  ],
  [
   14,
   17,
   0,
   1
  ],
  [
   14,
   18,
   0,
   1
  ],
  [
   15,
   19,
   0,
   1
  ],
  [
   15,
   20,
   0,
   1
  ],
  [
   16,
   21,
   0,
   1
  ],
  [
   16,
   21,
   0,
   1
  ],
  [
   17,
   21,
   0,
   1
  ],
  [
   17,
   22,
   0,
   1
  ],
  [
   18,
   22,
   0,
   1
  ],
  [
   18,
   23,
   0,
   1
  ],
  [
   19,
   23,
   0,
   1
  ],
  [
   19,
   24,
   0,
   1
  ],
  [
   20,
   25,
   0,
   1
  ],
  [
   21,
   26,
   0,
   1
  ],
  [
   22,
   27,
   0,
   1
  ],
  [
   22,
   28,
   0,
   1
  ],
  [
   23,
   29,
   0,
   1
  ],
  [
   23,
   28,
   0,
   1
  ],
  [
   24,
   30,
   0,
   1
  ],
  [
   24,
   31,
   0,
   1
  ],
  [
   25,
   32,
   0,
   1
  ],
  [
   25,
   33,
   0,
   1
  ],
  [
   26,
   33,
   0,
   1
  ],
  [
   26,
   34,
   0,
   1
  ],
  [
   27,
   34,
   0,
   1
  ],
  [
   27,
   35,
   0,
   1
  ],
  [
   28,
   35,
   0,
   1
  ],
  [
   28,
   36,
   0,
   1
  ],
  [
   29,
   36,
   0,
   1
  ],
  [
   29,
   37,
   0,
   1
  ],
  [
   30,
   38,
   0,
   1
  ],
  [
   30,
   39,
   0,
   1
  ],
  [
   31,
   39,
   0,
   1
  ],
  [
   31,
   40,
   0,
   1
  ],
  [
   32,
   41,
   0,
   1
  ],
  [
   32,
   42,
   0,
   1
  ],
  [
   33,
   42,
   0,
   1
  ],
  [
   33,
   43,
   0,
   1
  ],
  [
   34,
   43,
   0,
   1
  ],
  [
   34,
   1,
   0,
   1
  ]
 ],