{"enclosure_radius": 0.9603723201342794,"triangles_verts_poly": [[0,17,18,19,20,21,22,23,24,25,26,27,28],[1,29,30,31,32,33,34,35,36,37,38,39,40],[2,41,42,43,44,45,46,47,48,49,50],[3,51,52,53,54,55,56,57,58,59,60,61,62,63],[4,64,65,66,67,68],[5,69,70,71],[6,72,73,74,75,76,77,78,79,80,81,82],[7,83,84,85,86,87,88,89,90,91,92,93],[8,94,95,96,97,98],[9,99,100,101],[10,102,103,104,105,106,107,108,109,110],[11,111,112,113,114,115,116,117,118,119,120,121,122,123],[12,124,125,126,127,128,129,130,131,132,133,134,135,136],[13,137,138,139,140,141],[14,142,143,144,145,146,147,148,149,150,151,152,153,154,155,156],[15,157,158,159,160,161,162,163,164,165,166],[16,167,168,169,170,171,172,173,174,175,176,177,178]],"min_bounds": [-0.8442359044785229,0.0,-0.4577859159227894,70.29477378500039],"res_id": 101,"triangles_poly": [[[4,12,3],[12,4,2],[11,3,0],[9,7,8],[12,0,3],[2,4,5],[2,5,1],[9,10,6],[1,6,10],[6,1,5],[0,1,10],[9,6,7],[10,11,0]],[[12,0,3],[3,0,1],[12,3,4],[11,12,10],[10,12,6],[4,6,12],[1,8,2],[2,8,9],[5,6,4],[7,9,6],[9,7,2],[6,9,10],[2,3,1]],[[0,5,7],[5,0,1],[10,7,8],[7,10,0],[10,8,3],[7,5,6],[4,5,1],[4,1,2],[3,2,9],[2,3,4],[9,10,3]],[[0,1,3],[13,3,4],[3,13,0],[3,1,2],[13,4,5],[6,7,5],[10,11,9],[5,8,12],[9,12,8],[12,9,11],[5,7,8],[5,12,13]],[[0,3,5],[3,0,1],[5,3,4],[2,3,1]],[[3,0,1],[1,2,3]],[[7,0,1],[11,7,8],[7,11,0],[7,1,6],[11,8,10],[3,4,2],[2,5,1],[5,2,4],[1,5,6],[10,8,9]],[[7,0,1],[11,7,8],[7,11,0],[7,1,6],[11,8,10],[3,4,2],[2,5,1],[5,2,4],[1,5,6],[10,8,9]],[[0,3,5],[3,0,1],[5,3,4],[2,3,1]],[[3,0,1],[1,2,3]],[[0,1,3],[9,3,4],[3,9,0],[9,4,5],[3,1,2],[6,7,5],[5,8,9],[8,5,7]],[[12,9,11],[9,12,8],[11,9,10],[4,1,2],[4,2,3],[13,8,12],[7,8,13],[5,0,1],[7,0,5],[0,7,13],[6,7,5],[5,1,4]],[[12,8,9],[5,8,13],[12,9,11],[11,9,10],[7,5,6],[5,7,8],[8,12,13],[13,4,5],[3,4,13],[3,0,1],[0,3,13],[2,3,1]],[[1,2,3],[3,5,0],[5,3,4],[3,0,1]],[[6,7,8],[6,8,5],[8,10,5],[10,8,9],[10,4,5],[4,10,11],[12,13,11],[11,14,4],[14,11,13],[4,14,1],[0,14,15],[3,1,2],[1,3,4],[1,14,0]],[[0,3,4],[3,0,1],[6,10,4],[4,10,0],[6,4,5],[1,8,2],[2,8,9],[6,7,9],[9,7,2],[6,9,10],[2,3,1]],[[4,12,3],[12,4,5],[11,3,0],[9,7,8],[12,0,3],[2,12,5],[2,5,1],[9,10,6],[1,6,10],[6,1,5],[0,1,10],[9,6,7],[10,11,0]]],"max_bounds": [0.8442511635004196,0.0,0.45780117494468603,78.32620737010758],"unique_edges": [[0,17],[17,18],[18,19],[19,20],[20,21],[21,22],[22,23],[23,24],[24,25],[25,26],[26,27],[19,27],[19,28],[0,28],[1,29],[29,30],[30,31],[31,32],[32,33],[33,34],[34,35],[29,35],[29,36],[36,37],[37,38],[38,39],[39,40],[1,40],[2,41],[41,42],[42,43],[43,44],[44,45],[45,46],[46,47],[47,48],[42,48],[42,49],[49,50],[2,50],[3,51],[51,52],[52,53],[53,54],[54,55],[55,56],[56,57],[57,58],[58,59],[59,60],[60,61],[61,62],[62,63],[3,63],[4,64],[64,65],[65,66],[66,67],[67,68],[4,68],[5,69],[69,70],[70,71],[5,71],[6,72],[72,73],[73,74],[74,75],[75,76],[76,77],[77,78],[78,79],[79,80],[80,81],[81,82],[6,82],[7,83],[83,84],[84,85],[85,86],[86,87],[87,88],[88,89],[89,90],[90,91],[91,92],[92,93],[7,93],[8,94],[94,95],[95,96],[96,97],[97,98],[8,98],[9,99],[99,100],[100,101],[9,101],[10,102],[102,103],[103,104],[104,105],[105,106],[106,107],[107,108],[108,109],[109,110],[10,110],[11,111],[111,112],[112,113],[113,114],[114,115],[115,116],[116,117],[117,118],[118,119],[119,120],[120,121],[121,122],[122,123],[11,123],[12,124],[124,125],[125,126],[126,127],[127,128],[128,129],[129,130],[130,131],[131,132],[132,133],[133,134],[134,135],[135,136],[12,136],[13,137],[137,138],[138,139],[139,140],[140,141],[13,141],[14,142],[142,143],[143,144],[144,145],[145,146],[146,147],[147,148],[148,149],[149,150],[150,151],[151,152],[152,153],[153,154],[154,155],[155,156],[14,156],[15,157],[157,158],[158,159],[159,160],[160,161],[161,162],[162,163],[157,163],[157,164],[164,165],[165,166],[15,166],[16,167],[167,168],[168,169],[169,170],[170,171],[171,172],[172,173],[173,174],[174,175],[175,176],[176,177],[169,177],[169,178],[16,178]],"name": "MComplete","polys": [[0,14,0,1,65535,3,3751529],[14,14,1,2,65535,3,4080238],[28,12,2,3,65535,3,4606578],[40,14,3,4,65535,3,5132919],[54,6,4,5,65535,3,6251400],[60,4,5,6,65535,3,5330289],[64,12,6,7,65535,3,5659022],[76,12,7,8,65535,3,5396356],[88,6,8,9,65535,3,4738423],[94,4,9,10,65535,3,5001075],[98,10,10,11,65535,3,4935283],[108,14,11,12,65535,3,3882603],[122,14,12,13,65535,3,3882607],[136,6,13,14,65535,3,3883118],[142,16,14,15,65535,3,3817325],[158,12,15,16,65535,3,3817324],[170,14,16,65535,65535,3,3883370]],"enclosure_point": [0.0,0.0,0.0,0.9603723201342794],"edges": [0,1,2,3,4,5,6,7,8,9,10,11,12,13,14,15,16,17,18,19,20,21,22,23,24,25,26,27,28,29,30,31,32,33,34,35,36,37,38,39,40,41,42,43,44,45,46,47,48,49,50,51,52,53,54,55,56,57,58,59,60,61,62,63,64,65,66,67,68,69,70,71,72,73,74,75,76,77,78,79,80,81,82,83,84,85,86,87,88,89,90,91,92,93,94,95,96,97,98,99,100,101,102,103,104,105,106,107,108,109,110,111,112,113,114,115,116,117,118,119,120,121,122,123,124,125,126,127,128,129,130,131,132,133,134,135,136,137,138,139,140,141,142,143,144,145,146,147,148,149,150,151,152,153,154,155,156,157,158,159,160,161,162,163,164,165,166,167,168,169,170,171,172,173,174,175,176,177,178,179,180,181,182,183],"vectors": [[0.0,-1.0,0.0,0.0]],