{"enclosure_radius": 1.6002899214160373,"triangles_verts_poly": [[0,2,1],[1,5,6],[2,5,1],[2,3,0],[3,4,0],[3,7,2],[5,14,6],[2,10,5],[6,14,20],[7,10,2],[7,8,3],[3,9,4],[8,9,3],[10,17,5],[5,17,14],[8,12,7],[7,16,10],[8,11,9],[12,16,7],[12,13,8],[11,13,8],[14,30,20],[9,15,4],[10,21,17],[16,21,10],[17,27,14],[11,18,9],[13,19,11],[20,30,36],[12,48,16],[13,48,12],[21,24,17],[19,22,11],[9,18,15],[14,27,30],[16,48,21],[19,48,13],[17,24,27],[11,22,18],[19,23,22],[21,48,24],[23,48,19],[24,28,27],[24,48,28],[25,48,23],[23,26,22],[27,37,30],[28,48,32],[29,48,25],[27,28,37],[30,41,36],[23,25,26],[22,31,18],[32,48,33],[33,48,29],[18,34,15],[28,32,37],[30,37,41],[22,26,31],[25,29,35],[25,35,26],[36,41,45],[18,31,34],[32,33,39],[32,37,39],[29,33,38],[37,39,41],[29,38,35],[33,39,38],[26,40,31],[26,35,40],[39,41,44],[41,44,45],[38,39,44],[35,38,43],[31,42,34],[35,43,40],[31,40,42],[38,44,43],[44,45,47],[43,44,47],[40,43,46],[40,46,42],[43,47,46]],"min_bounds": [-1.5999847409781034,0.0,-1.5999847409781034,0.0],"polys": [[0,3,0,1,65535,1,4294967295],[3,3,1,2,65535,1,3316220132],[6,3,2,3,65535,1,3316323540],[9,3,3,4,65535,1,4294967295],[12,3,4,5,65535,1,4294967295],[15,3,5,6,65535,1,4294967295],[18,3,6,7,65535,1,4294967295],[21,3,7,8,65535,1,4294967295],[24,3,8,9,65535,1,4294967295],[27,3,9,10,65535,1,4294967295],[30,3,10,11,65535,1,4294967295],[33,3,11,12,65535,1,4294967295],[36,3,12,13,65535,1,4294967295],[39,3,13,14,65535,1,4294967295],[42,3,14,15,65535,1,4294967295],[45,3,15,16,65535,1,4294967295],[48,3,16,17,65535,1,4294967295],[51,3,17,18,65535,1,4294967295],[54,3,18,19,65535,1,4294967295],[57,3,19,20,65535,1,4294967295],[60,3,20,21,65535,1,4294967295],[63,3,21,22,65535,1,3318287633],[66,3,22,23,65535,1,4294967295],[69,3,23,24,65535,1,4294967295],[72,3,24,25,65535,1,4294967295],[75,3,25,26,65535,1,4294967295],[78,3,26,27,65535,1,4294967295],[81,3,27,28,65535,1,4294967295],[84,3,28,29,65535,1,4294967295],[87,3,29,30,65535,1,4294967295],[90,3,30,31,65535,1,4294967295],[93,3,31,32,65535,1,4294967295],[96,3,32,33,65535,1,4294967295],[99,3,33,34,65535,1,4294967295],[102,3,34,35,65535,1,4294967295],[105,3,35,36,65535,1,4294967295],[108,3,36,37,65535,1,4294967295],[111,3,37,38,65535,1,4294967295],[114,3,38,39,65535,1,4294967295],[117,3,39,40,65535,1,4294967295],[120,3,40,41,65535,1,4294967295],[123,3,41,42,65535,1,4294967295],[126,3,42,43,65535,1,4294967295],[129,3,43,44,65535,1,4294967295],[132,3,44,45,65535,1,4294967295],[135,3,45,46,65535,1,4294967295],[138,3,46,47,65535,1,4294967295],[141,3,47,48,65535,1,4294967295],[144,3,48,49,65535,1,4294967295],[147,3,49,50,65535,1,4294967295],[150,3,50,51,65535,1,4294967295],[153,3,51,52,65535,1,4294967295],[156,3,52,53,65535,1,4294967295],[159,3,53,54,65535,1,4294967295],[162,3,54,55,65535,1,4294967295],[165,3,55,56,65535,1,4294967295],[168,3,56,57,65535,1,4294967295],[171,3,57,58,65535,1,4294967295],[174,3,58,59,65535,1,4294967295],[177,3,59,60,65535,1,4294967295],[180,3,60,61,65535,1,4294967295],[183,3,61,62,65535,1,4294967295],[186,3,62,63,65535,1,4294967295],[189,3,63,64,65535,1,4294967295],[192,3,64,65,65535,1,4294967295],[195,3,65,66,65535,1,4294967295],[198,3,66,67,65535,1,4294967295],[201,3,67,68,65535,1,4294967295],[204,3,68,69,65535,1,4294967295],[207,3,69,70,65535,1,4294967295],[210,3,70,71,65535,1,4294967295],[213,3,71,72,65535,1,4294967295],[216,3,72,73,65535,1,4294967295],[219,3,73,74,65535,1,4294967295],[222,3,74,75,65535,1,4294967295],[225,3,75,76,65535,1,4294967295],[228,3,76,77,65535,1,4294967295],[231,3,77,78,65535,1,4294967295],[234,3,78,79,65535,1,4294967295],[237,3,79,80,65535,1,4294967295],[240,3,80,81,65535,1,4294967295],[243,3,81,82,65535,1,4294967295],[246,3,82,83,65535,1,4294967295],[249,3,83,65535,65535,1,4294967295]],"edges": [0,1,2,3,4,5,6,3,1,7,0,8,9,8,10,11,12,7,13,14,4,15,16,6,14,17,18,19,15,12,20,11,21,22,9,23,24,21,22,25,26,16,26,27,13,28,29,20,30,31,19,32,24,33,34,30,29,35,28,36,37,36,32,38,39,17,40,23,41,42,43,25,44,42,31,45,46,27,47,33,48,49,37,50,39,51,52,53,54,34,55,53,35,56,57,43,58,50,59,48,40,60,46,61,38,54,62,44,63,55,49,57,64,45,59,47,65,66,58,67,62,68,56,69,63,66,70,71,64,68,72,70,73,69,74,75,67,76,77,78,61,72,79,80,81,73,82,71,83,77,84,85,51,74,75,86,87,65,88,79,89,90,89,81,91,92,60,93,80,94,83,78,95,84,76,87,96,82,97,98,97,86,99,85,100,101,88,92,102,90,103,104,94,104,105,91,106,107,105,108,95,106,98,109,103,107,110,111,96,112,99,111,113,108,114,115,115,116,100,110,117,114,109,118,119,120,102,121,118,113,122,112,120,123,117,119,124,116,125,126,124,127,125,122,128,129,128,123,130,127,129,131],"points": [[-1.385976958876936,0.0,0.8,1.0],[-1.5999847409781034,0.0,0.0,1.0],[-1.1999847409781033,0.0,0.0,1.0],[-1.0389715419241625,0.0,0.6,1.0],[-0.7999847409781033,0.0,1.3859922178988326,1.0],[-1.0389715419241625,0.0,-0.5999847409781033,1.0],[-1.385976958876936,0.0,-0.7999847409781033,1.0],[-0.7999847409781033,0.0,0.0,1.0],[-0.692988479438468,0.0,0.4,1.0],[-0.5999847409781033,0.0,1.0389868009460594,1.0],[-0.692988479438468,0.0,-0.3999847409781033,1.0],[-0.3999847409781033,0.0,0.6930037384603647,1.0],[-0.3999847409781033,0.0,0.0,1.0],[-0.34598306248569466,0.0,0.2,1.0],[-0.5999847409781033,0.0,-1.0389715419241625,1.0],[0.0,0.0,1.6,1.0],[-0.34598306248569466,0.0,-0.19998474097810326,1.0],[-0.3999847409781033,0.0,-0.692988479438468,1.0],[0.0,0.0,1.2,1.0],[-0.19998474097810326,0.0,0.34599832150759136,1.0],[-0.7999847409781033,0.0,-1.385976958876936,1.0],[-0.19998474097810326,0.0,-0.34598306248569466,1.0],[0.0,0.0,0.8,1.0],[0.0,0.0,0.4,1.0],[0.0,0.0,-0.3999847409781033,1.0],[0.2,0.0,0.34599832150759136,1.0],[0.4,0.0,0.6930037384603647,1.0],[0.0,0.0,-0.7999847409781033,1.0],[0.2,0.0,-0.34598306248569466,1.0],[0.34599832150759136,0.0,0.2,1.0],[0.0,0.0,-1.1999847409781033,1.0],[0.6,0.0,1.0389868009460594,1.0],[0.34599832150759136,0.0,-0.19998474097810326,1.0],[0.4,0.0,0.0,1.0],[0.8,0.0,1.3859922178988326,1.0],[0.6930037384603647,0.0,0.4,1.0],[0.0,0.0,-1.5999847409781034,1.0],[0.4,0.0,-0.692988479438468,1.0],[0.8,0.0,0.0,1.0],[0.6930037384603647,0.0,-0.3999847409781033,1.0],[1.0389868009460594,0.0,0.6,1.0],[0.6,0.0,-1.0389715419241625,1.0],[1.3859922178988326,0.0,0.8,1.0],[1.2,0.0,0.0,1.0],[1.0389868009460594,0.0,-0.5999847409781033,1.0],[0.8,0.0,-1.385976958876936,1.0],[1.6,0.0,0.0,1.0],[1.3859922178988326,0.0,-0.7999847409781033,1.0],[0.0,0.0,0.0,1.0]],"colors": [[0.0,1.0,0.0,0.0],[1.0,1.0,0.0,1.0]],"normals": [[0,0,0,1],[0,1,0,1],[0,2,0,1],[0,3,0,1],[0,4,0,1],[0,3,1,1],[0,5,0,1],[0,2,1,1],[0,6,0,1],[0,7,1,1],[0,8,1,1],[0,9,0,1],[0,9,1,1],[0,10,1,1],[0,5,1,1],[0,8,0,1],[0,7,0,1],[0,11,1,1],[0,12,0,1],[0,13,0,1],[0,11,0,1],[0,14,0,1],[0,15,0,1],[0,10,0,1],[0,16,0,1],[0,17,1,1],[0,18,1,1],[0,19,0,1],[0,20,0,1],[0,12,1,1],[0,13,1,1],[0,21,0,1],[0,22,0,1],[0,18,0,1],[0,14,1,1],[0,16,1,1],[0,19,1,1],[0,17,0,1],[0,22,1,1],[0,23,0,1],[0,21,1,1],[0,23,1,1],[0,24,0,1],[0,24,1,1],[0,25,1,1],[0,26,0,1],[0,27,1,1],[0,28,1,1],[0,29,1,1],[0,27,0,1],[0,30,0,1],[0,25,0,1],[0,31,1,1],[0,32,1,1],[0,33,1,1],[0,34,0,1],[0,28,0,1],[0,30,1,1],[0,26,1,1],[0,29,0,1],[0,35,0,1],[0,36,0,1],[0,31,0,1],[0,32,0,1],[0,37,0,1],[0,33,0,1],[0,37,1,1],[0,38,0,1],[0,39,0,1],[0,40,1,1],[0,35,1,1],[0,41,1,1],[0,41,0,1],[0,39,1,1],[0,38,1,1],[0,42,0,1],[0,43,1,1],[0,40,0,1],[0,44,1,1],[0,45,0,1],[0,44,0,1],[0,43,0,1],[0,46,0,1],[0,45,0,1]],"res_id": 1443,"enclosure_point": [0.0,0.0,0.0,1.6002899214160373],