{"enclosure_radius": 0.49840543221179523,"triangles_verts_poly": [[1,4,3],[0,1,4],[3,16,2],[3,4,16],[0,6,4],[0,5,6],[4,17,16],[4,6,17],[5,10,6],[5,9,10],[6,18,17],[6,10,18],[8,9,10],[9,12,8],[10,13,18],[8,10,13],[12,14,8],[11,12,14],[1,7,11],[3,11,14],[1,11,3],[8,15,13],[8,14,15],[2,14,15],[3,14,2],[0,7,1],[5,7,0],[7,9,5],[7,12,9],[7,11,12]],"min_bounds": [-0.4930342565041581,0.0,-0.43183031967650876,16379.0],"res_id": 202,"triangles_poly": [[[0,1,2]],[[1,0,2]],[[2,0,1]],[[0,1,2]],[[1,2,0]],[[2,0,1]],[[1,2,0]],[[1,2,0]],[[1,2,0]],[[2,0,1]],[[1,2,0]],[[1,2,0]],[[0,2,1]],[[2,0,1]],[[1,2,0]],[[0,2,1]],[[2,0,1]],[[1,0,2]],[[1,0,2]],[[1,0,2]],[[1,0,2]],[[0,1,2]],[[0,1,2]],[[1,0,2]],[[1,0,2]],[[1,0,2]],[[1,0,2]],[[0,1,2]],[[0,1,2]],[[0,1,2]]],"max_bounds": [0.5036545357442588,0.2500038147554742,0.4316472114137484,-32768.0],"unique_edges": [[1,4],[3,4],[1,3],[0,1],[0,4],[3,16],[2,16],[2,3],[4,16],[0,6],[4,6],[0,5],[5,6],[4,17],[16,17],[6,17],[5,10],[6,10],[5,9],[9,10],[6,18],[17,18],[10,18],[8,9],[8,10],[9,12],[8,12],[10,13],[13,18],[8,13],[12,14],[8,14],[11,12],[11,14],[1,7],[1,11],[7,11],[3,11],[3,14],[8,15],[13,15],[14,15],[2,14],[2,15],[0,7],[5,7],[7,9],[7,12]],"name": "marker","polys": [[0,3,1,1,65535,1,3879922272],[3,3,2,2,65535,1,0],[6,3,3,3,65535,1,1073152000],[9,3,4,4,65535,1,2175469654],[12,3,6,5,65535,1,2766727497],[15,3,7,6,65535,1,12145680],[18,3,8,7,65535,1,196611],[21,3,9,8,65535,1,12145680],[24,3,11,9,65535,1,196611],[27,3,12,10,65535,1,196611],[30,3,13,11,65535,1,12145680],[33,3,14,12,65535,1,196611],[36,3,16,13,65535,1,12145680],[39,3,17,14,65535,1,196611],[42,3,18,15,65535,1,35344],[45,3,19,16,65535,1,1073479680],[48,3,22,17,65535,1,3573071501],[51,3,23,18,65535,1,1535797842],[54,3,21,19,25,1,3220897792],[57,3,24,20,65535,1,3879922272],[60,3,25,21,65535,1,0],[63,3,26,22,65535,1,3220897792],[66,3,27,23,65535,1,2147483648],[69,3,28,24,65535,1,3176724388],[72,3,29,65535,65535,1,1073545216],[75,3,0,65535,26,1,3357011309],[78,3,5,65535,27,1,105366199],[81,3,10,65535,28,1,3220111360],[84,3,15,65535,29,1,2917664055],[87,3,20,65535,65535,1,3868631662]],"enclosure_point": [0.005264362554360266,0.1250019073777371,4.5777065690089265e-05,0.6235141527428092],"edges": [0,1,2,3,4,0,5,6,7,1,8,5,9,10,4,11,12,9,13,14,8,10,15,13,16,17,12,18,19,16,20,21,15,17,22,20,23,24,19,25,26,23,27,28,22,24,29,27,30,31,26,32,33,30,34,35,36,37,38,33,35,2,37,39,40,29,31,41,39,42,43,41,38,7,42,44,3,34,45,11,44,46,18,45,47,25,46,36,32,47],"vectors": [[0.65468833447776,-0.6546425574120699,0.37790493629358357,0.0],[-0.31108567940794996,-0.9332417792019532,-0.17955291065842682,0.0],[-0.6546730754558633,0.6546578164339666,-0.3778896772716869,0.0],[0.0002136263065537499,-0.6546425574120699,0.7559319447623407,0.0],[-7.629510948348184e-05,-0.9332417792019532,-0.3591973754482337,0.0],[-9.15541313801782e-05,-0.9332417792019532,-0.3591973754482337,0.0],[-0.00019836728465705278,0.6546578164339666,-0.755916685740444,0.0],[-0.6544441901274128,-0.6546425574120699,0.378286411841001,0.0],[0.3109941252765698,-0.9332417792019532,-0.17973601892118718,0.0],[0.6544594491493095,0.6546578164339666,-0.3782711528191043,0.0],[-0.6549019607843137,-0.6546425574120699,-0.37749294270237277,0.0],[0.3112077515831235,-0.9332417792019532,0.17938506141756314,0.0],[0.6549172198062104,0.6546578164339666,0.37750820172426947,0.0],[-0.0006561379415579438,-0.6546425574120699,-0.755916685740444,0.0],[0.6545662623025864,-0.6545204852368963,-0.37833218890669107,0.0],[0.00030518043793392844,-0.9332417792019532,0.35921263447013047,0.0],[-0.31107042038605326,-0.9332112611581598,0.17981231403067063,0.0],[0.0006561379415579462,0.6546578164339666,0.7559319447623407,0.0],[0.0006713969634546426,0.6546578164339666,0.7559319447623407,0.0],[-0.6545510032806897,0.654535744258793,0.37834744792858777,0.0]],"points": [[0.06700236514839399,0.2500038147554742,0.10679789425497825,1.0],[0.12866407263294422,0.2500038147554742,0.0,1.0],[0.3786678873884184,0.0,0.0,1.0],[0.5036545357442588,0.1250019073777371,0.0,1.0],[0.2545662623025864,0.1250019073777371,0.43149462119478144,1.0],[-0.05630579079880982,0.2500038147554742,0.10682841229877164,1.0],[-0.24367132066834518,0.1250019073777371,0.4316472114137484,1.0],[0.005294880598153659,0.1266193636987869,0.0,1.0],[-0.24419012741283286,0.1250019073777371,-0.43138780804150456,1.0],[-0.11804379339284354,0.2500038147554742,4.5777065690089265e-05,1.0],[-0.4930342565041581,0.1250019073777371,0.00025940337224383917,1.0],[0.06688029297322041,0.2500038147554742,-0.10690470740825508,1.0],[-0.056443121995880086,0.2500038147554742,-0.10679789425497821,1.0],[-0.18161287861448083,0.0,-0.3231860837720302,1.0],[0.2540474555580987,0.1250019073777371,-0.43183031967650876,1.0],[0.19166857404440377,0.0,-0.3235217822537575,1.0],[0.19205004959182118,0.0,0.3232623788815137,0.0],[-0.18121614404516673,0.0,0.3233691920347906,0.0],[-0.368032349126421,0.0,0.00018310826276035706,0.0]],"normals": [[0,0,0,1],[1,1,0,1],[1,1,0,1],[2,2,0,1],[2,3,0,1],[3,0,0,1],[4,4,0,1],[5,0,0,1],[6,4,0,1],[6,4,0,1],[7,5,0,1],[8,5,0,1],[8,5,0,1],[9,6,0,1],[9,6,0,1],[10,7,0,1],[11,8,0,1],[11,9,0,1],[12,10,0,1],[12,10,0,1],[13,11,0,1],[14,7,0,1],[15,12,0,1],[15,12,0,1],[16,11,0,1],[16,11,0,1],[17,13,0,1],[18,14,0,1],[19,15,0,1],[19,2,0,1]],"colors": [[1.0,1.0,0.0,1.0]]}