{"enclosure_radius": 0.7360341802090486,"triangles_verts_poly": [[0,1,22,23],[3,4,24,6],[12,25,26,14],[17,27,28,29],[30,31,0,23],[7,32,3,6],[33,34,35],[36,37,38],[33,34,36,37],[11,39,9,8],[31,40,41],[39,42,11,43],[2,44,45,40,46],[8,47,48],[11,49,50],[2,45,51],[2,44,51,52],[39,53,54],[42,53,54,55,56,57],[8,55,47,57],[47,58,34,35,56],[5,32,59,7],[9,60,61],[43,49,37,62,9,60,50,38],[37,62,63],[5,32,64,65],[47,66,67],[34,68,63,69],[60,70,58,66,48,61,67],[5,71,72],[7,73,74],[62,70,60],[58,68,70,62,69],[19,20,28,27],[18,21,17,29],[20,21,27,17],[75,76,77,78],[29,79,28,80],[18,19,79,80],[59,81,82],[59,83,82,77,78],[71,81,65,72,4,84,82],[4,82,75],[73,83,3,76,74],[24,65,84],[6,64,24,65],[30,44,31,46],[30,44,85,52],[45,86,40],[23,85,22,51],[15,16,25,12],[13,16,12,14],[45,86,87,88],[13,89,90,91],[86,92,93,94,95],[15,89,96,97],[91,96,25,98,97],[87,93,95],[14,90,26,91],[26,91,98],[22,51,1,87,88],[1,87,99,94],[40,92,0,99,41],[10,42,33],[43,100,36],[10,42,100,43],[10,100,33,36]],"min_bounds": [-0.3999847409781033,-0.299977111467155,-0.49999237048905165,21356.411963073166],"res_id": 216,"triangles_poly": [[[2,3,0],[0,1,2]],[[2,3,0],[0,1,2]],[[2,3,1],[0,1,3]],[[2,3,1],[0,1,3]],[[3,0,2],[1,2,0]],[[3,1,2],[0,2,1]],[[1,0,2]],[[1,2,0]],[[0,1,2],[3,2,1]],[[3,1,0],[0,2,3]],[[2,0,1]],[[0,1,3],[3,2,0]],[[1,0,4],[2,3,4],[2,4,0]],[[1,0,2]],[[2,0,1]],[[2,1,0]],[[3,2,1],[0,1,2]],[[2,1,0]],[[5,4,0],[5,0,1],[5,2,3],[2,5,1]],[[2,3,1],[1,0,2]],[[1,2,0],[4,0,2],[4,2,3]],[[1,0,3],[2,3,0]],[[2,0,1]],[[2,3,1],[0,7,2],[6,3,5],[1,3,6],[0,2,1],[6,5,4]],[[2,1,0]],[[2,3,1],[0,1,3]],[[1,0,2]],[[0,1,2],[3,2,1]],[[1,2,3],[1,3,6],[4,5,0],[0,1,4],[4,1,6]],[[2,1,0]],[[2,0,1]],[[1,2,0]],[[1,0,4],[0,3,4],[3,0,2]],[[0,2,3],[3,1,0]],[[3,0,1],[1,2,3]],[[0,2,3],[3,1,0]],[[0,1,2],[2,3,0]],[[3,1,2],[0,2,1]],[[3,1,0],[0,2,3]],[[1,2,0]],[[4,3,1],[1,0,2],[1,2,4]],[[2,5,3],[3,5,0],[4,6,0],[1,0,6],[4,0,5]],[[2,1,0]],[[3,2,4],[0,1,3],[0,3,4]],[[0,2,1]],[[0,2,1],[3,1,2]],[[0,1,2],[3,2,1]],[[2,3,0],[1,0,3]],[[0,1,2]],[[0,2,1],[3,1,2]],[[0,2,3],[3,1,0]],[[3,0,1],[1,2,3]],[[0,3,2],[2,1,0]],[[3,1,0],[0,2,3]],[[4,3,1],[2,1,0],[1,2,4]],[[1,2,3],[3,0,1]],[[4,1,0],[0,3,2],[0,2,4]],[[2,1,0]],[[3,1,2],[0,2,1]],[[1,0,2]],[[1,0,4],[4,2,3],[2,4,0]],[[0,2,3],[3,1,0]],[[3,2,4],[0,1,3],[0,3,4]],[[2,0,1]],[[2,0,1]],[[1,0,2],[2,3,1]],[[0,2,1],[3,1,2]]],"max_bounds": [0.4,0.29999237048905164,0.7373922331578546,21356.411963073166],"unique_edges": [[0,1],[1,22],[22,23],[0,23],[3,4],[4,24],[6,24],[3,6],[12,25],[25,26],[14,26],[12,14],[17,27],[27,28],[28,29],[17,29],[30,31],[0,31],[23,30],[7,32],[3,7],[6,32],[33,34],[33,35],[34,35],[36,37],[36,38],[37,38],[33,36],[34,37],[11,39],[9,11],[8,9],[8,39],[31,40],[31,41],[40,41],[39,42],[11,43],[42,43],[2,44],[2,45],[40,46],[40,45],[44,46],[8,47],[8,48],[47,48],[11,49],[11,50],[49,50],[2,51],[45,51],[51,52],[44,52],[39,53],[39,54],[53,54],[42,53],[54,55],[42,56],[56,57],[55,57],[8,55],[47,57],[47,58],[34,58],[35,56],[47,56],[5,32],[5,59],[7,59],[9,60],[9,61],[60,61],[43,49],[37,62],[9,50],[38,43],[60,62],[37,63],[62,63],[32,64],[5,65],[64,65],[47,66],[47,67],[66,67],[34,68],[34,63],[63,69],[68,69],[60,70],[58,70],[58,66],[48,61],[48,67],[5,71],[5,72],[71,72],[7,73],[7,74],[73,74],[62,70],[58,68],[62,69],[19,20],[19,28],[20,27],[18,21],[17,21],[18,29],[20,21],[75,76],[76,77],[75,78],[77,78],[29,79],[28,80],[79,80],[18,19],[18,79],[19,80],[59,81],[59,82],[81,82],[59,83],[77,83],[78,82],[71,81],[65,72],[4,84],[4,82],[65,84],[4,75],[75,82],[73,83],[3,76],[3,74],[76,83],[24,65],[24,84],[6,64],[30,44],[31,46],[30,85],[52,85],[45,86],[40,86],[23,85],[22,51],[51,85],[15,16],[15,25],[12,16],[13,16],[13,14],[86,87],[45,88],[87,88],[13,89],[13,90],[89,91],[90,91],[86,92],[86,93],[92,94],[94,95],[93,95],[15,89],[89,96],[15,97],[96,97],[91,96],[25,98],[25,97],[91,98],[87,93],[87,95],[14,90],[26,91],[26,98],[1,87],[51,88],[1,99],[94,99],[87,94],[40,92],[0,99],[0,41],[92,99],[10,42],[10,33],[33,42],[43,100],[36,100],[36,43],[10,100]],"name": "Mid HECTOR","polys": [[0,4,3,1,65535,1,1400334708],[4,4,9,65535,2,2,1769235304],[8,4,18,3,65535,1,1433299316],[12,4,23,4,65535,1,1701732708],[16,4,0,5,63,1,173239649],[20,4,6,6,9,3,1951623527],[24,3,14,7,65535,1,1734898734],[27,3,15,8,65535,1,1768384628],[30,4,17,65535,65535,1,1952604524],[34,4,12,10,48,3,1768759376],[38,3,4,11,65535,1,1769106720],[41,4,16,12,46,1,1730167148],[45,5,2,13,20,1,1869744963],[50,3,13,14,65535,1,1298229614],[53,3,15,15,65535,0,1382377248],[56,3,1,16,19,0,1701053512],[59,4,5,17,18,1,1885433445],[63,3,14,65535,65535,0,1634476142],[66,6,14,65535,65535,1,1768776044],[72,4,14,65535,65535,1,1852124784],[76,5,14,21,44,1,1517252197],[81,4,8,22,25,2,1697542249],[85,3,13,23,65535,1,1768125452],[88,8,15,24,65535,1,273511788],[96,3,17,65535,65535,1,1947086145],[99,4,11,26,28,2,156068195],[103,3,13,27,65535,1,1344291692],[106,4,17,65535,65535,1,1633899587],[110,7,13,29,33,1,1970277716],[117,3,7,65535,30,0,122906735],[120,3,10,65535,31,2,1948276272],[123,3,15,32,65535,0,223570025],[126,5,17,65535,65535,0,1869574688],[131,4,26,34,43,1,1730172464],[135,4,24,35,41,1,1399813486],[139,4,27,36,39,1,1998607920],[143,4,10,37,38,2,1818584432],[147,4,25,65535,65535,1,1769218134],[151,4,25,65535,65535,0,1836059714],[155,3,7,65535,40,2,1399351653],[158,5,10,65535,65535,2,1667330670],[163,7,7,65535,42,2,1634953588],[170,3,10,65535,65535,2,1634886003],[173,5,10,65535,65535,2,106391918],[178,3,7,65535,45,2,290811492],[181,4,11,65535,65535,2,1445989706],[185,4,2,47,65535,1,156465001],[189,4,5,65535,65535,1,1445989204],[193,3,2,49,65535,1,1702064993],[196,4,5,50,65535,1,1936941415],[200,4,22,51,62,1,1701991792],[204,4,19,52,60,1,1952804208],[208,4,1,53,58,1,1948284005],[212,4,20,54,57,1,1818846574],[216,5,4,55,56,1,1399157366],[221,4,21,65535,65535,0,1667982706],[225,5,21,65535,65535,1,1415668339],[230,3,4,65535,65535,1,1668554850],[233,4,20,59,65535,1,1953066862],[237,3,21,65535,65535,1,1696624748],[240,5,1,61,65535,1,1347447925],[245,4,4,65535,65535,1,1852055632],[249,5,4,65535,65535,1,1986359840],[254,3,14,64,65535,1,1768843040],[257,3,15,65,65535,1,1952805748],[260,4,16,66,65535,1,1953659252],[264,4,17,65535,65535,1,1953982835]],"enclosure_point": [0.10420386053253987,0.044922560463874266,0.13241779201953155,0.8009155413138018],"edges": [0,1,2,3,4,5,6,7,8,9,10,11,12,13,14,15,16,17,3,18,19,20,7,21,22,23,24,25,26,27,22,25,28,29,30,31,32,33,34,35,36,37,38,30,39,40,41,42,43,44,45,46,47,48,49,50,41,51,52,40,51,53,54,55,56,57,58,59,60,61,62,57,63,45,64,62,65,66,67,24,68,69,70,71,19,72,73,74,75,76,72,77,78,27,50,79,76,80,81,69,82,83,84,85,86,87,88,89,90,91,92,93,94,95,96,74,87,97,98,99,100,101,102,103,92,79,104,93,103,105,91,106,107,13,108,109,110,15,111,112,108,12,110,113,114,115,116,117,14,118,119,120,121,122,119,123,124,125,126,124,127,128,116,129,130,131,132,133,99,125,132,134,135,136,137,138,102,139,140,141,133,142,6,140,84,143,144,16,44,143,145,146,54,147,148,43,149,2,150,151,152,153,8,154,155,154,11,156,147,157,158,159,160,161,162,163,164,165,166,167,168,169,170,171,172,173,174,175,176,172,177,178,168,179,10,180,163,180,181,176,150,1,182,183,159,182,184,185,186,187,188,189,36,190,191,192,193,194,195,196,191,197,194,39,197,192,195,28],