{"enclosure_radius": 0.7415579461356527,"triangles_verts_poly": [[13,20,21,22],[18,23,24,17],[5,25,7,6],[1,26,27,28,29],[11,12,21,20],[15,16,23,18],[12,14,11,10],[19,30,16,15],[0,31,2,32,33],[8,34,35,36],[37,38,39,40],[35,36,41,42,43],[44,45,46],[47,48,35,41,49],[47,48,50,51],[0,52,31,53],[0,52,54,55,56],[44,45,57],[4,52,58,59,53],[60,61,62,63],[38,64,37,65],[48,60,49,66,67,68],[10,69,70,71],[61,72,73,74],[70,75,76],[10,77,78,79,75,76],[52,80,56,81,82],[72,83,74,84,85],[48,60,83,86,85],[38,39,64,81,82],[62,67,68],[13,70,22,87,71],[4,58,64,65],[79,88,70,89],[4,90,91,92],[87,93,94,95,96],[93,97,96],[64,91,98,92],[20,88,13,89],[22,97,21,95],[80,90,98],[51,84,86],[11,77,78],[12,14,87,94],[14,69,87],[54,99,55],[30,100,45,101,102,46],[30,103,45,104,57],[8,62,34,63],[8,66,62],[17,105,24,44,104],[2,39,32,40],[44,106,102,107],[2,108,109,110],[111,112,105,113,114],[113,115,114],[39,109,116,110],[24,106,23,107],[18,112,17,115],[99,108,116],[9,47,41],[9,47,117,50],[9,117,41,43],[16,100,101],[19,103,105],[15,19,111,105],[5,118,117,119,73],[31,120,29,121,33],[31,120,122,84],[123,124,125,42,43],[5,117,124,43],[26,126,122,59,84],[28,121,32],[28,127,32,37],[36,128,129,130,40],[36,128,125],[34,130,40],[1,58,126],[34,131,129],[1,58,27,37],[27,132,37,130],[61,133,134,65],[61,133,119],[34,131,134,65],[127,132,130],[6,7,131,128],[25,133,7,131],[25,133,118],[6,123,128],[3,120,29],[3,26,120],[3,26,29]],"min_bounds": [-0.36163881895170524,-0.48664072632944233,-0.5572899977111467,0.0],"res_id": 217,"triangles_poly": [[[0,1,3],[2,3,1]],[[0,1,3],[2,3,1]],[[3,0,1],[1,2,3]],[[3,4,2],[1,0,2],[1,2,4]],[[3,0,1],[1,2,3]],[[3,0,1],[1,2,3]],[[2,3,1],[1,0,2]],[[2,3,0],[0,1,2]],[[1,4,0],[0,3,2],[3,0,4]],[[2,3,1],[1,0,2]],[[3,0,2],[1,2,0]],[[4,3,1],[1,0,2],[1,2,4]],[[1,0,2]],[[3,2,4],[1,0,3],[1,3,4]],[[3,2,0],[0,1,3]],[[3,2,0],[0,1,3]],[[2,3,4],[2,1,0],[1,2,4]],[[1,2,0]],[[3,4,1],[1,0,2],[1,2,3]],[[3,1,0],[0,2,3]],[[2,3,1],[1,0,2]],[[4,2,3],[4,3,5],[1,0,2],[1,2,4]],[[0,2,3],[3,1,0]],[[2,3,0],[1,0,3]],[[1,2,0]],[[4,0,3],[3,0,1],[4,3,5],[3,1,2]],[[2,3,4],[2,1,0],[1,2,4]],[[2,3,0],[0,4,1],[4,0,3]],[[4,3,2],[2,0,1],[0,2,3]],[[3,1,4],[2,4,1],[2,1,0]],[[2,0,1]],[[3,4,1],[1,0,2],[1,2,3]],[[3,1,0],[0,2,3]],[[2,0,1],[1,3,2]],[[3,2,1],[0,1,2]],[[2,0,3],[3,1,4],[1,3,0]],[[0,1,2]],[[2,0,1],[1,3,2]],[[3,1,0],[0,2,3]],[[3,1,2],[0,2,1]],[[2,1,0]],[[1,0,2]],[[1,0,2]],[[1,2,0],[3,0,2]],[[1,2,0]],[[1,2,0]],[[4,2,5],[1,4,3],[0,2,4],[0,4,1]],[[3,4,2],[1,2,0],[2,1,3]],[[2,3,1],[1,0,2]],[[1,0,2]],[[4,1,3],[3,0,2],[0,3,1]],[[0,2,3],[3,1,0]],[[2,0,3],[1,3,0]],[[1,0,2],[2,3,1]],[[2,0,1],[1,4,3],[1,3,2]],[[0,2,1]],[[3,1,2],[0,2,1]],[[3,1,2],[0,2,1]],[[3,1,0],[0,2,3]],[[1,2,0]],[[2,1,0]],[[3,2,1],[0,1,2]],[[1,3,0],[2,0,3]],[[0,1,2]],[[2,1,0]],[[0,2,3],[3,1,0]],[[1,0,2],[3,2,4],[2,3,1]],[[1,2,0],[3,4,0],[3,0,2]],[[2,1,0],[0,3,2]],[[0,2,4],[0,4,1],[4,2,3]],[[0,2,1],[3,1,2]],[[0,2,4],[1,4,3],[4,1,0]],[[0,2,1]],[[0,1,2],[3,2,1]],[[1,2,0],[0,3,4],[3,0,2]],[[2,1,0]],[[1,0,2]],[[2,1,0]],[[2,1,0]],[[2,0,1],[1,3,2]],[[1,0,3],[2,3,0]],[[2,1,0],[0,3,2]],[[2,0,1]],[[1,2,3],[3,0,1]],[[0,1,2]],[[3,0,1],[1,2,3]],[[0,1,2],[3,2,1]],[[2,1,0]],[[0,2,1]],[[0,2,1]],[[0,2,1]],[[2,0,1]]],"max_bounds": [0.3616540779736019,0.3616540779736019,0.8073090714885176,0.0],"unique_edges": [[13,20],[20,21],[21,22],[13,22],[18,23],[23,24],[17,24],[17,18],[5,25],[7,25],[6,7],[5,6],[1,26],[1,27],[27,28],[28,29],[26,29],[11,12],[12,21],[11,20],[15,16],[16,23],[15,18],[12,14],[10,11],[10,14],[19,30],[16,30],[15,19],[0,31],[2,32],[0,2],[32,33],[31,33],[8,34],[8,35],[35,36],[34,36],[37,38],[38,39],[37,40],[39,40],[35,41],[36,42],[42,43],[41,43],[44,45],[44,46],[45,46],[47,48],[35,49],[41,47],[48,49],[50,51],[47,50],[48,51],[0,52],[31,53],[52,53],[0,54],[55,56],[54,55],[52,56],[44,57],[45,57],[4,52],[4,58],[58,59],[53,59],[60,61],[60,62],[61,63],[62,63],[38,64],[37,65],[64,65],[48,60],[49,66],[60,67],[66,68],[67,68],[10,69],[10,70],[69,71],[70,71],[61,72],[61,73],[73,74],[72,74],[70,75],[70,76],[75,76],[10,77],[78,79],[10,75],[77,78],[76,79],[52,80],[56,81],[80,82],[81,82],[72,83],[74,84],[84,85],[83,85],[60,83],[48,86],[85,86],[39,81],[64,82],[62,67],[62,68],[13,70],[22,87],[71,87],[4,64],[58,65],[79,88],[70,89],[70,79],[88,89],[4,90],[4,91],[90,92],[91,92],[87,93],[94,95],[87,94],[95,96],[93,96],[93,97],[96,97],[64,91],[64,98],[92,98],[20,88],[13,89],[22,97],[21,95],[95,97],[80,90],[80,98],[90,98],[51,84],[51,86],[84,86],[11,77],[11,78],[14,87],[12,94],[14,69],[69,87],[54,99],[55,99],[30,100],[30,45],[101,102],[100,101],[46,102],[30,103],[103,104],[57,104],[8,62],[34,63],[8,66],[62,66],[17,105],[24,44],[104,105],[44,104],[2,39],[32,40],[44,106],[102,107],[44,102],[106,107],[2,108],[2,109],[108,110],[109,110],[111,112],[105,113],[105,111],[112,114],[113,114],[113,115],[114,115],[39,109],[39,116],[110,116],[24,106],[23,107],[18,112],[17,115],[112,115],[99,108],[99,116],[108,116],[9,47],[9,41],[9,117],[50,117],[43,117],[16,100],[16,101],[19,103],[19,105],[103,105],[15,111],[5,118],[5,117],[118,119],[73,119],[73,117],[31,120],[29,121],[29,120],[33,121],[120,122],[31,84],[84,122],[123,124],[123,125],[42,125],[43,124],[5,124],[26,126],[26,122],[59,126],[59,84],[28,121],[28,32],[32,121],[28,127],[37,127],[32,37],[36,128],[128,129],[129,130],[36,40],[40,130],[125,128],[36,125],[34,130],[34,40],[1,58],[1,126],[58,126],[34,131],[129,131],[34,129],[27,37],[37,58],[27,132],[37,130],[130,132],[61,133],[133,134],[61,65],[65,134],[119,133],[61,119],[131,134],[34,65],[127,132],[127,130],[7,131],[6,128],[128,131],[25,133],[131,133],[25,118],[118,133],[6,123],[123,128],[3,120],[3,29],[3,26],[26,120]],"name": "Large HECTOR","polys": [[0,4,16,1,65535,1,0],[4,4,22,2,65535,1,0],[8,4,6,3,89,1,0],[12,5,4,4,85,1,0],[17,4,13,5,77,1,0],[21,4,18,6,72,1,0],[25,4,17,7,66,1,0],[29,4,23,8,65535,1,0],[33,5,0,9,60,1,0],[38,4,7,10,50,1,0],[42,4,3,11,48,1,0],[46,5,11,12,45,1,0],[51,3,19,13,18,0,0],[54,5,9,14,65535,1,0],[59,4,10,15,65535,1,0],[63,4,2,16,65535,0,0],[67,5,5,17,65535,0,0],[72,3,20,65535,65535,0,0],[75,5,2,19,41,1,0],[80,4,8,20,31,1,0],[84,4,1,21,30,1,0],[88,6,9,22,29,1,0],[94,4,15,23,26,0,0],[98,4,10,24,25,0,0],[102,3,12,65535,65535,0,0],[105,6,12,65535,65535,0,0],[111,5,5,27,28,1,0],[116,5,10,65535,65535,0,0],[121,5,10,65535,65535,1,0],[126,5,5,65535,65535,1,0],[131,3,9,65535,65535,1,0],[134,5,15,32,40,1,0],[139,4,1,33,38,1,0],[143,4,12,34,37,1,0],[147,4,5,35,36,1,0],[151,5,14,65535,65535,0,0],[156,3,14,65535,65535,1,0],[159,4,5,65535,65535,1,0],[163,4,12,39,65535,1,0],[167,4,14,65535,65535,1,0],[171,3,5,65535,65535,1,0],[174,3,10,65535,42,1,0],[177,3,12,43,65535,1,0],[180,4,14,44,65535,1,0],[184,3,15,65535,65535,1,0],[187,3,5,46,65535,1,0],[190,6,19,47,65535,0,0],[196,5,20,65535,65535,0,0],[201,4,8,49,65535,1,0],[205,3,9,65535,65535,1,0],[208,5,20,51,59,1,0],[213,4,3,52,57,1,0],[217,4,19,53,56,1,0],[221,4,5,54,55,1,0],[225,5,21,65535,65535,0,0],[230,3,21,65535,65535,1,0],[233,4,5,65535,65535,1,0],[237,4,19,58,65535,1,0],[241,4,21,65535,65535,1,0],[245,3,5,65535,65535,1,0],[248,3,9,61,65535,1,0],[251,4,10,62,65535,1,0],[255,4,11,65535,63,1,0],[259,3,19,64,65535,1,0],[262,3,20,65,65535,1,0],[265,4,21,65535,65535,1,0],[269,5,10,67,71,1,0],[274,5,0,68,70,1,0],[279,4,2,69,65535,0,0],[283,5,11,65535,65535,0,0],[288,4,11,65535,65535,1,0],[292,5,2,65535,65535,1,0],[297,3,0,73,65535,1,0],[300,4,3,74,76,1,0],[304,5,7,75,65535,0,0],[309,3,11,65535,65535,0,0],[312,3,7,65535,65535,1,0],[315,3,2,78,65535,1,0],[318,3,7,79,84,1,0],[321,4,1,80,83,1,0],[325,4,3,81,65535,0,0],[329,4,8,82,65535,0,0],[333,3,10,65535,65535,0,0],[336,4,8,65535,65535,1,0],[340,3,3,65535,65535,1,0],[343,4,7,86,65535,1,0],[347,4,8,87,65535,1,0],[351,3,10,88,65535,1,0],[354,3,11,65535,65535,1,0],[357,3,0,90,65535,1,0],[360,3,2,91,65535,1,0],[363,3,4,65535,65535,1,0]],"enclosure_point": [0.06900129701686122,-0.00579842832074462,0.17149614709697109,0.8235294117647058],