{"enclosure_radius": 1.2149080643930725,"triangles_verts_poly": [[0,7,1],[1,2,20],[0,1,2],[5,7,0],[0,6,2],[0,5,6],[7,11,5],[5,8,6],[5,11,8],[7,21,11],[11,14,8],[11,21,14],[7,13,21],[1,7,13],[15,21,14],[13,21,15],[6,9,10],[6,8,9],[13,20,15],[3,20,4],[2,20,3],[1,13,20],[2,10,3],[2,6,10],[3,10,22],[8,12,9],[8,14,12],[9,10,22],[14,16,12],[14,15,16],[9,12,22],[4,15,16],[15,20,4],[3,4,22],[12,16,22],[4,16,22],[23,24,17],[18,25,26],[19,27,28]],"min_bounds": [-0.5708857862211032,-0.12167544060425728,-0.9271839475089647,0.0],"res_id": 220,"triangles_poly": [[[0,2,1]],[[1,2,0]],[[0,2,1]],[[0,2,1]],[[1,2,0]],[[1,2,0]],[[1,2,0]],[[0,1,2]],[[0,1,2]],[[2,0,1]],[[0,1,2]],[[0,1,2]],[[0,1,2]],[[1,0,2]],[[2,1,0]],[[1,0,2]],[[0,1,2]],[[0,1,2]],[[1,2,0]],[[0,2,1]],[[0,2,1]],[[2,1,0]],[[0,1,2]],[[1,2,0]],[[1,2,0]],[[0,1,2]],[[0,1,2]],[[1,0,2]],[[2,0,1]],[[0,1,2]],[[0,1,2]],[[0,2,1]],[[2,0,1]],[[0,2,1]],[[0,1,2]],[[2,1,0]],[[1,2,0]],[[0,1,2]],[[1,2,0]]],"max_bounds": [1.0350957503624019,0.26085297932402535,0.9271992065308614,0.0],"unique_edges": [[0,7],[0,1],[1,7],[1,2],[2,20],[1,20],[0,2],[5,7],[0,5],[0,6],[2,6],[5,6],[7,11],[5,11],[5,8],[6,8],[8,11],[7,21],[11,21],[11,14],[8,14],[14,21],[7,13],[13,21],[1,13],[15,21],[14,15],[13,15],[6,9],[9,10],[6,10],[8,9],[13,20],[15,20],[3,20],[3,4],[4,20],[2,3],[2,10],[3,10],[10,22],[3,22],[8,12],[9,12],[12,14],[9,22],[14,16],[12,16],[15,16],[12,22],[4,15],[4,16],[4,22],[16,22],[23,24],[17,24],[17,23],[18,25],[25,26],[18,26],[19,27],[27,28],[19,28]],"name": "ScoutCopter","polys": [[0,3,0,1,36,1,0],[3,3,1,2,65535,1,0],[6,3,2,3,65535,1,0],[9,3,6,4,65535,1,0],[12,3,7,5,65535,1,0],[15,3,8,6,65535,1,0],[18,3,12,7,65535,1,0],[21,3,13,8,65535,1,0],[24,3,14,9,65535,1,0],[27,3,18,10,65535,1,0],[30,3,19,11,65535,1,0],[33,3,20,12,65535,1,0],[36,3,24,13,65535,1,0],[39,3,25,14,65535,1,0],[42,3,26,15,65535,1,0],[45,3,27,16,65535,1,0],[48,3,15,17,18,1,0],[51,3,16,65535,65535,1,0],[54,3,28,19,65535,1,0],[57,3,3,20,22,1,0],[60,3,4,21,65535,1,0],[63,3,29,65535,65535,1,0],[66,3,9,23,24,1,0],[69,3,10,65535,65535,1,0],[72,3,11,25,65535,1,0],[75,3,21,26,27,1,0],[78,3,22,65535,65535,1,0],[81,3,17,28,65535,1,0],[84,3,30,29,30,1,0],[87,3,31,65535,65535,1,0],[90,3,23,31,65535,1,0],[93,3,32,32,33,1,0],[96,3,33,65535,65535,1,0],[99,3,5,34,65535,1,0],[102,3,34,35,65535,1,0],[105,3,35,65535,65535,1,0],[108,3,36,37,38,3,0],[111,3,37,65535,65535,3,0],[114,3,38,65535,65535,3,0]],"enclosure_point": [-0.17738612954909594,0.24623483634699017,0.013626306553749905,1.0956282902265966],"edges": [0,1,2,3,4,5,1,6,3,7,8,0,9,10,6,8,11,9,12,13,7,14,15,11,13,16,14,17,18,12,19,20,16,18,21,19,22,23,17,2,24,22,25,26,21,23,27,25,28,29,30,15,31,28,32,33,27,34,35,36,4,37,34,24,5,32,38,39,37,10,30,38,39,40,41,42,43,31,20,44,42,29,45,40,46,47,44,26,48,46,43,49,45,50,51,48,33,36,50,35,41,52,47,53,49,51,52,53,54,55,56,57,58,59,60,61,62],"vectors": [[0.07139696345464255,-0.98974593728542,-0.1236896314946212,0.0],[0.4587472343022812,0.3974059662775616,-0.7947356374456398,0.0],[-0.09443808651865415,0.9819943541618982,0.16363775082017243,0.0],[0.4587472343022812,0.3974212252994583,-0.7947356374456398,0.0],[0.1428244449530785,-0.98974593728542,-1.5259021896696368e-05,0.0],[0.9176470588235294,0.3974059662775616,-0.0002441443503471419,0.0],[-0.1889372091248951,0.9819943541618982,4.5777065690089265e-05,0.0],[0.07147325856412604,-0.98974593728542,0.1236591134508278,0.0],[0.4592202639810788,0.3974212252994583,0.7944762340733958,0.0],[-0.09452964065003433,0.9819943541618982,-0.16356145571068892,0.0],[0.4592202639810788,0.3974059662775616,0.7944762340733958,0.0],[-0.07130540932326235,-0.98974593728542,0.12373540856031129,0.0],[-0.458258945601587,0.3974059662775616,0.7950102998397802,0.0],[-0.458258945601587,0.3974212252994583,0.7950102998397802,0.0],[0.09436179140917067,0.9819943541618982,-0.1636835278858625,0.0],[-0.14280918593118186,-0.98974593728542,0.00012207217517357137,0.0],[-0.07147325856412601,-0.9897306782635233,-0.1236743724727245,0.0],[-0.9176317998016327,0.3974059662775616,0.0008087281605249104,0.0],[-0.45922026398107885,0.3972991531242847,-0.7944914930952927,0.0],[-0.45922026398107885,0.3972991531242847,-0.7945067521171894,0.0],[0.18895246814679179,0.9819943541618982,-0.00015259021896696368,0.0],[0.18895246814679179,0.9819943541618982,-0.0001373311970702673,0.0],[0.09457541771572442,0.9819790951400015,0.16363775082017243,0.0],[-0.15031662470435647,-0.9848020141908904,0.08679331654840924,0.0],[0.15033188372625314,-0.9848020141908904,0.08679331654840924,0.0],[0.0,-0.9848020141908904,-0.17358663309681854,0.0]],"points": [[-0.4316014343480583,0.06251621271076524,0.24925612268253605,1.0],[-6.103608758678547e-05,0.06251621271076524,0.49834439612420844,1.0],[-0.3774776836804761,-0.06243991760128176,0.21799038681620508,0.0],[-0.05276569771877626,1.5259021896696422e-05,0.03044174868390936,0.0],[-6.103608758678547e-05,1.5259021896696422e-05,0.060868238345922025,0.0],[-0.4317540245670253,0.06251621271076524,-0.24898146028839552,1.0],[-0.37761501487754634,-0.06243991760128176,-0.21776150148775464,1.0],[-6.103608758678547e-05,0.12480354009308003,0.0,1.0],[-0.0003204394598306237,-0.06243991760128176,-0.4358434424353399,1.0],[-0.00010681315327687457,1.5259021896696422e-05,-0.060852979324025336,1.0],[-0.052796215762569654,1.5259021896696422e-05,-0.030395971618219275,1.0],[-0.0003662165255207128,0.06251621271076524,-0.49832913710231175,1.0],[0.052597848477912566,1.5259021896696422e-05,-0.03045700770580606,1.0],[0.4317387655451286,0.06251621271076524,0.24875257495994507,1.0],[0.37718776226443884,-0.06243991760128176,-0.21820401312275883,1.0],[0.37758449683375295,-0.06243991760128176,0.2175478751812009,1.0],[0.052643625543602655,1.5259021896696422e-05,0.030380712596322575,1.0],[-0.017547875181200934,0.2500038147554742,-0.03038071259632258,1.0],[-0.5708857862211032,0.23913939116502633,0.8656595712214847,1.0],[1.0350957503624019,0.23913939116502633,0.06153963530937667,1.0],[-6.103608758678547e-05,-0.06243991760128176,0.4358587014572366,0.0],[0.4312962539101244,0.06251621271076524,-0.2495002670328832,1.0],[-6.103608758678547e-05,-0.12167544060425728,0.0,1.0],[-0.46427100022888534,0.23913939116502633,-0.9271839475089647,1.0],[-0.5708857862211032,0.26085297932402535,-0.865644312199588,1.0],[-0.46427100022888534,0.26085297932402535,0.9271992065308614,1.0],[-0.017547875181200934,0.2500038147554742,0.03039597161821927,1.0],[1.0350957503624019,0.26085297932402535,-0.061524376287479976,1.0],[0.03506523231860838,0.2500038147554742,0.0,1.0]],"normals": [[0,0,0,1],[1,1,0,1],[1,2,0,1],[2,3,0,1],[2,2,0,1],[3,4,0,1],[4,0,0,1],[5,2,0,1],[5,5,0,1],[6,3,0,1],[6,6,0,1],[5,3,0,1],[7,7,0,1],[8,8,0,1],[8,5,0,1],[9,9,0,1],[9,6,0,1],[10,10,0,1],[11,11,0,1],[12,8,0,1],[13,11,0,1],[14,9,0,1],[14,8,0,1],[13,12,0,1],[15,7,0,1],[16,13,0,1],[17,14,0,1],[17,15,0,1],[18,13,0,1],[19,13,0,1],[20,12,0,1],[21,14,0,1],[22,15,0,1],[22,15,0,1],[17,12,0,1],[19,16,0,1],[23,17,0,3],[24,18,0,3],[25,19,0,3]],"colors": [[1.0,1.0,0.0,1.0]]}