{"enclosure_radius": 2.0623788815136948,"triangles_verts_poly": [[2,25,0],[0,2,3],[1,26,27],[2,5,3],[3,5,6],[4,28,8],[5,9,6],[6,9,29],[7,28,8],[7,8,10],[9,30,29],[7,12,10],[10,12,13],[11,14,15],[12,16,13],[13,16,31],[14,17,15],[15,17,32],[16,33,31],[17,34,32],[32,34,18],[19,35,21],[20,34,18],[18,20,36],[19,22,21],[21,22,37],[20,38,36],[25,39,0],[22,23,37],[23,37,24],[1,23,24],[1,24,27]],"min_bounds": [-1.7255817502098116,0.0,-1.7255970092317083,16372.0],"res_id": 230,"triangles_poly": [[[2,1,0]],[[0,1,2]],[[2,0,1]],[[2,0,1]],[[2,0,1]],[[1,2,0]],[[1,2,0]],[[2,0,1]],[[0,2,1]],[[2,1,0]],[[1,2,0]],[[1,2,0]],[[1,2,0]],[[2,0,1]],[[1,2,0]],[[1,2,0]],[[1,2,0]],[[2,0,1]],[[1,2,0]],[[1,2,0]],[[1,2,0]],[[1,0,2]],[[2,1,0]],[[0,1,2]],[[2,0,1]],[[0,1,2]],[[2,0,1]],[[1,0,2]],[[2,0,1]],[[1,0,2]],[[2,1,0]],[[1,0,2]]],"max_bounds": [1.725612268253605,3.0,1.7255970092317083,-16384.0],"unique_edges": [[2,25],[0,2],[0,25],[2,3],[0,3],[1,26],[26,27],[1,27],[2,5],[3,5],[5,6],[3,6],[4,28],[8,28],[4,8],[5,9],[6,9],[9,29],[6,29],[7,28],[7,8],[7,10],[8,10],[9,30],[29,30],[7,12],[10,12],[12,13],[10,13],[11,14],[14,15],[11,15],[12,16],[13,16],[16,31],[13,31],[14,17],[15,17],[17,32],[15,32],[16,33],[31,33],[17,34],[32,34],[18,34],[18,32],[19,35],[19,21],[21,35],[20,34],[18,20],[20,36],[18,36],[19,22],[21,22],[22,37],[21,37],[20,38],[36,38],[25,39],[0,39],[22,23],[23,37],[23,24],[24,37],[1,23],[1,24],[24,27]],"name": "transport","polys": [[0,3,0,1,65535,2,0],[3,3,1,2,65535,2,1073610752],[6,3,2,3,65535,2,3221225472],[9,3,3,4,65535,2,664929657],[12,3,4,5,65535,2,1073741824],[15,3,5,6,65535,2,2900393562],[18,3,6,7,65535,2,2203696180],[21,3,7,8,65535,2,1073676288],[24,3,8,9,65535,2,3703133687],[27,3,9,10,65535,2,0],[30,3,10,11,65535,2,1072955392],[33,3,11,12,65535,2,2415919104],[36,3,12,13,65535,2,2169611320],[39,3,13,14,65535,2,36072],[42,3,14,15,65535,2,1073741824],[45,3,15,16,65535,2,2900393562],[48,3,16,17,65535,2,2203696180],[51,3,17,18,65535,2,1073676288],[54,3,18,19,65535,2,3703133687],[57,3,19,20,65535,2,0],[60,3,20,21,65535,2,1072955392],[63,3,21,22,65535,2,2415919104],[66,3,22,23,65535,2,2169611320],[69,3,23,24,65535,2,1073741824],[72,3,24,25,65535,2,3705695635],[75,3,25,26,65535,2,166026256],[78,3,26,27,65535,2,1073676288],[81,3,27,28,65535,2,3580009860],[84,3,28,29,65535,2,0],[87,3,29,30,65535,2,3221094400],[90,3,30,31,65535,2,2415919104],[93,3,31,65535,65535,2,1283954703]],"enclosure_point": [0.014938582436865798,1.5197985809109635,0.04344243533989471,2.4403601129167622],"edges": [0,1,2,1,3,4,5,6,7,8,9,3,9,10,11,12,13,14,15,16,10,16,17,18,19,20,13,20,21,22,23,24,17,25,26,21,26,27,28,29,30,31,32,33,27,33,34,35,36,37,30,37,38,39,40,41,34,42,43,38,43,44,45,46,47,48,49,50,44,50,51,52,53,54,47,54,55,56,57,58,51,59,2,60,61,62,55,62,63,64,65,66,63,66,7,67],"vectors": [[-0.8697947661554895,-0.43488212405584803,-0.2330052643625543,0.0],[-0.9536583504997329,-0.15892271305409322,-0.2554665445944915,0.0],[-0.8697947661554895,0.4348973830777447,-0.2330052643625543,0.0],[-0.6982070649271381,-0.15892271305409322,-0.6980086976424811,0.0],[-0.6982070649271381,0.15893797207598992,-0.6980086976424811,0.0],[-0.23324940871290145,-0.43488212405584803,-0.8697337300679027,0.0],[-0.255741206988632,0.15893797207598992,-0.9535820553902494,0.0],[-0.23324940871290145,0.4348973830777447,-0.8697337300679027,0.0],[0.23276112001220722,-0.43488212405584803,-0.8698710612649729,0.0],[0.25519188220035094,-0.15892271305409322,-0.9537193865873197,0.0],[0.23276112001220722,0.4348973830777447,-0.8698710612649729,0.0],[0.697810330357824,-0.15892271305409322,-0.6984206912336919,0.0],[0.697810330357824,0.15893797207598992,-0.6984206912336919,0.0],[0.8696726939803159,-0.43488212405584803,-0.2335088120851453,0.0],[0.9535210193026628,0.15893797207598992,-0.25603112840466924,0.0],[0.8696726939803159,0.4348973830777447,-0.2335088120851453,0.0],[0.8699473563744564,-0.43488212405584803,0.23250171663996339,0.0],[0.9538109407187,-0.15892271305409322,0.2549172198062104,0.0],[0.8699473563744564,0.4348973830777447,0.23250171663996339,0.0],[0.6986343175402456,-0.15892271305409322,0.6975967040512703,0.0],[0.6986343175402456,0.15893797207598992,0.6975967040512703,0.0],[0.23378347447928588,-0.43488212405584803,0.8696116578927291,0.0],[0.25632104982070647,0.15893797207598992,0.9534447241931793,0.0],[0.23378347447928588,0.4348973830777447,0.8696116578927291,0.0],[-0.2322270542458228,-0.43488212405584803,0.8700236514839399,0.0],[-0.2546120393682765,-0.15892271305409322,0.9538872358281835,0.0],[-0.2322270542458228,0.4348973830777447,0.8700236514839399,0.0],[-0.8696879530022126,-0.43483634699015794,0.23353933012893874,0.0],[-0.6973830777447165,-0.15892271305409322,0.6988479438467994,0.0],[-0.6973830777447165,0.15893797207598992,0.6988479438467994,0.0],[-0.953505760280766,0.15890745403219653,0.25604638742656594,0.0],[-0.8696879530022126,0.43483634699015794,0.23353933012893874,0.0]],"points": [[1.725612268253605,2.250003814755474,0.0,1.0],[1.725612268253605,0.7500114442664225,0.0,1.0],[1.494499122606241,2.250003814755474,0.8626535439078356,1.0],[1.6027618829633021,1.5000076295109483,0.9251392385748074,1.0],[0.675547417410544,3.0,1.1695124742504006,1.0],[0.9256275272755017,1.5000076295109483,1.6024872205691616,1.0],[0.8631113145647364,0.7500114442664225,1.4942397192339971,1.0],[-0.8621957732509347,2.250003814755474,1.4947585259784848,1.0],[0.000503547722590982,2.250003814755474,1.7255970092317083,1.0],[0.000503547722590982,0.7500114442664225,1.7255970092317083,1.0],[-0.9246509498741131,1.5000076295109483,1.6030365453574427,1.0],[-1.1692988479438466,3.0,0.6758831158922713,1.0],[-1.6021820401312277,1.5000076295109483,0.9261005569542993,1.0],[-1.4939650568398566,0.7500114442664225,0.8635385671778439,1.0],[-1.3505760280766004,3.0,0.0007934691386282139,1.0],[-1.7255817502098116,2.250003814755474,0.001007095445181964,1.0],[-1.7255817502098116,0.7500114442664225,0.001007095445181964,1.0],[-1.4949874113069352,2.250003814755474,-0.8617532616159305,1.0],[-0.8639658197909514,0.7500114442664225,-1.4937209124895094,0.0],[-0.0011749446860456203,3.0,-1.350591287098497,0.0],[-0.0015106431677729404,0.7500114442664225,-1.7255970092317083,0.0],[-0.0015106431677729404,2.250003814755474,-1.7255970092317083,0.0],[0.8613412680247197,2.250003814755474,-1.495246814679179,0.0],[1.60166323338674,1.5000076295109483,-0.9270313572899977,0.0],[1.4934767681391623,0.7500114442664225,-0.8644083314259556,0.0],[1.3506065461203938,3.0,0.0,0.0],[1.1697261005569544,0.0,0.6751812008850233,1.0],[1.3506065461203938,0.0,0.0,1.0],[0.00039673456931410697,3.0,1.350591287098497,1.0],[0.00039673456931410697,0.0,1.350591287098497,1.0],[-0.6748149843595026,0.0,1.1699244678416114,1.0],[-1.3505760280766004,0.0,0.0007934691386282139,1.0],[-1.6032806897077898,1.5000076295109483,-0.9241779201953155,1.0],[-1.1700923170824749,0.0,-0.6744792858777753,1.0],[-0.9265430685893035,1.5000076295109483,-1.6019226367589838,0.0],[-0.676203555352102,3.0,-1.1691004806591896,0.0],[-0.0011749446860456203,0.0,-1.350591287098497,0.0],[0.9237354085603113,1.5000076295109483,-1.603570611123827,0.0],[0.6741588464179447,0.0,-1.1703059433890286,0.0],[1.1689173723964295,3.0,-0.676554512855726,0.0]],"normals": [[0,0,0,2],[1,0,0,2],[2,1,0,2],[3,2,0,2],[4,3,0,2],[5,4,0,2],[6,5,0,2],[7,6,0,2],[8,7,0,2],[9,8,0,2],[10,9,0,2],[11,7,0,2],[12,10,0,2],[13,11,0,2],[14,12,0,2],[15,13,0,2],[16,14,0,2],[17,15,0,2],[18,16,0,2],[19,17,0,2],[20,18,0,2],[21,19,0,2],[22,20,0,2],[23,18,0,2],[24,19,0,2],[25,21,0,2],[26,20,0,2],[27,0,0,2],[28,22,0,2],[29,23,0,2],[30,23,0,2],[31,24,0,2]],"colors": [[1.0,1.0,0.0,1.0]]}