{"enclosure_radius": 1.1924467841611353,"triangles_verts_poly": [[1,15,0],[0,1,16],[2,17,18,9,16,0,19,20,21,22,4,23],[3,12,23],[3,23,4],[5,11,21],[5,21,20],[6,8,18],[6,18,17],[3,12,13,11,5,10,15,1,14,8,6,7],[7,17,2],[6,7,17],[11,22,21],[11,13,22],[2,12,23],[7,12,2],[4,13,22],[3,13,4],[8,9,18],[8,14,9],[10,20,19],[5,10,20],[14,16,9],[1,14,16],[15,19,0],[10,15,19]],"min_bounds": [-0.7499961852445258,0.0,-0.7499961852445258,16381.0],"res_id": 240,"triangles_poly": [[[1,2,0]],[[1,0,2]],[[9,10,11],[8,9,6],[6,7,8],[5,6,3],[9,0,6],[0,1,2],[11,0,9],[2,3,0],[3,4,5],[0,3,6]],[[0,1,2]],[[0,1,2]],[[1,2,0]],[[0,1,2]],[[0,1,2]],[[0,1,2]],[[5,6,7],[4,5,2],[2,3,4],[0,2,11],[5,8,2],[8,9,10],[7,8,5],[10,11,8],[11,1,0],[8,11,2]],[[0,1,2]],[[2,1,0]],[[0,1,2]],[[0,1,2]],[[1,0,2]],[[1,0,2]],[[1,0,2]],[[0,2,1]],[[0,1,2]],[[2,0,1]],[[0,1,2]],[[0,2,1]],[[0,1,2]],[[2,1,0]],[[0,1,2]],[[2,1,0]]],"max_bounds": [0.7500114442664225,1.5000076295109483,0.7500114442664225,0.0],"unique_edges": [[1,15],[0,15],[0,1],[0,16],[1,16],[2,17],[17,18],[9,18],[9,16],[0,19],[19,20],[20,21],[21,22],[4,22],[4,23],[2,23],[3,12],[12,23],[3,23],[3,4],[5,11],[11,21],[5,21],[5,20],[6,8],[8,18],[6,18],[6,17],[3,13],[11,13],[5,10],[10,15],[1,14],[8,14],[6,7],[7,12],[7,17],[2,7],[11,22],[13,22],[2,12],[4,13],[8,9],[9,14],[10,20],[10,19],[14,16],[15,19]],"name": "powerup","polys": [[0,3,0,1,2,2,540487693],[3,3,1,65535,65535,2,892350512],[6,12,2,65535,3,2,806166579],[18,3,3,4,5,2,806180421],[21,3,4,65535,65535,2,1915647344],[24,3,5,6,7,2,758132273],[27,3,6,65535,65535,2,892350512],[30,3,7,8,9,2,909718541],[33,3,8,65535,65535,2,225472375],[36,12,17,65535,10,2,220213552],[48,3,9,11,18,2,842009905],[51,3,10,12,65535,2,758132272],[54,3,15,13,65535,2,1413830669],[57,3,16,14,65535,2,540487693],[60,3,18,15,16,2,892350512],[63,3,19,65535,65535,2,806166579],[66,3,20,17,65535,2,36588],[69,3,21,65535,65535,2,2147483648],[72,3,11,19,65535,2,3221225472],[75,3,12,20,65535,2,0],[78,3,13,21,65535,2,3221028864],[81,3,14,22,65535,2,3221225472],[84,3,22,23,24,2,0],[87,3,23,65535,65535,2,3220963328],[90,3,24,25,65535,2,3221225472],[93,3,25,65535,65535,2,1188022314]],"enclosure_point": [0.03813229571984436,0.6198367284657054,0.18115510795757991,1.509575036240177],"edges": [0,1,2,2,3,4,5,6,7,8,3,9,10,11,12,13,14,15,16,17,18,18,14,19,20,21,22,22,11,23,24,25,26,26,6,27,16,28,29,20,30,31,0,32,33,24,34,35,36,5,37,34,27,36,38,12,21,29,39,38,40,15,17,35,37,40,41,13,39,28,19,41,42,7,25,33,43,42,44,10,45,30,23,44,46,8,43,32,4,46,47,9,1,31,45,47],"vectors": [[0.0,0.37262531471732663,0.9279926756694896,0.0],[0.0,1.0,0.0,0.0],[0.0,0.3701533531700618,-0.9289539940489815,0.0],[-0.9284657053482872,0.3713893339436942,0.0,0.0],[0.9284809643701839,0.3713893339436942,0.0,0.0],[0.0,0.19465934233615625,-0.9808651865415426,0.0],[0.0,0.19755855649652856,0.9803006027313649,0.0],[0.0,-1.0,0.0,0.0],[0.9805905241474021,0.1961089494163424,0.0,0.0],[-0.9805752651255054,0.1961089494163424,0.0,0.0]],"points": [[-0.07498283360036617,1.5000076295109483,0.14769207293812467,1.0],[0.37500572213321126,0.0,0.7500114442664225,1.0],[0.07499809262226291,1.5000076295109483,-0.07728694590676732,1.0],[-0.37499046311131456,0.0,-0.7499961852445258,1.0],[-0.07498283360036617,1.5000076295109483,-0.1522850385290303,1.0],[-0.7499961852445258,0.0,0.37500572213321126,1.0],[0.7500114442664225,0.0,-0.37499046311131456,1.0],[0.37500572213321126,0.0,-0.37499046311131456,1.0],[0.7500114442664225,0.0,0.37500572213321126,1.0],[0.07499809262226291,1.5000076295109483,0.07269398031586176,1.0],[-0.37499046311131456,0.0,0.37500572213321126,1.0],[-0.7499961852445258,0.0,-0.37499046311131456,1.0],[0.37500572213321126,0.0,-0.7499961852445258,1.0],[-0.37499046311131456,0.0,-0.37499046311131456,1.0],[0.37500572213321126,0.0,0.37500572213321126,1.0],[-0.37499046311131456,0.0,0.7500114442664225,1.0],[0.07499809262226291,1.5000076295109483,0.14769207293812467,1.0],[0.14999618524452582,1.5000076295109483,-0.07728694590676732,1.0],[0.14999618524452582,1.5000076295109483,0.07269398031586176,1.0],[-0.07498283360036617,1.5000076295109483,0.07269398031586176,1.0],[-0.14998092622262915,1.5000076295109483,0.07269398031586176,1.0],[-0.14998092622262915,1.5000076295109483,-0.07728694590676732,1.0],[-0.07498283360036617,1.5000076295109483,-0.07728694590676732,1.0],[0.07499809262226291,1.5000076295109483,-0.1522850385290303,1.0]],"normals": [[0,0,0,2],[0,1,0,2],[1,2,0,2],[2,3,0,2],[2,4,0,2],[3,5,0,2],[3,5,0,2],[4,6,0,2],[4,6,0,2],[5,7,1,2],[5,7,1,2],[6,8,1,2],[6,9,1,2],[6,10,1,2],[6,10,1,2],[5,11,1,2],[5,11,1,2],[7,12,1,2],[8,12,1,2],[8,12,1,2],[9,13,1,2],[9,13,1,2],[8,14,1,2],[8,14,1,2],[9,15,1,2],[9,15,1,2]],"colors": [[1.0,1.0,0.0,1.0],[0.0,1.0,0.0,0.0]]}