{"enclosure_radius": 0.7124132143129626,"triangles_verts_poly": [[2,13,14],[2,15,13],[3,16,4],[3,17,16],[18,19,11,9,20,21,5],[0,13,15,1],[1,2,14,0],[1,15,2],[13,14,0],[5,8,7,22,23],[5,21,8],[8,20,7],[8,21,20],[7,9,22],[7,20,9],[1,3,4,0],[1,17,3],[6,18,5],[0,16,17,1],[4,16,0],[10,23,12,6,5],[10,19,12],[10,11,19],[12,18,6],[12,19,18]],"min_bounds": [-0.44998855573357743,-0.8989852750438697,-0.44998855573357743,8311.411932555124],"res_id": 252,"triangles_poly": [[[2,0,1]],[[0,1,2]],[[1,2,0]],[[2,0,1]],[[2,3,1],[1,3,4],[4,5,6],[0,1,6],[6,1,4]],[[3,0,1],[1,2,3]],[[2,3,0],[0,1,2]],[[0,1,2]],[[1,0,2]],[[4,2,3],[2,4,0],[1,2,0]],[[0,1,2]],[[1,2,0]],[[2,0,1]],[[0,1,2]],[[0,1,2]],[[3,0,2],[1,2,0]],[[1,2,0]],[[1,2,0]],[[0,1,3],[2,3,1]],[[1,2,0]],[[2,4,1],[4,2,3],[2,1,0]],[[0,1,2]],[[1,2,0]],[[0,1,2]],[[2,0,1]]],"max_bounds": [0.4500038147554742,0.15098802166781108,0.4500038147554742,30067.180163271536],"unique_edges": [[2,13],[13,14],[2,14],[2,15],[13,15],[3,16],[4,16],[3,4],[3,17],[16,17],[18,19],[11,19],[9,11],[9,20],[20,21],[5,21],[5,18],[0,13],[1,15],[0,1],[1,2],[0,14],[5,8],[7,8],[7,22],[22,23],[5,23],[8,21],[8,20],[7,20],[7,9],[9,22],[1,3],[0,4],[1,17],[6,18],[5,6],[0,16],[10,23],[10,12],[6,12],[10,19],[12,19],[10,11],[12,18]],"name": "Pill","polys": [[0,3,5,1,65535,1,1915625556],[3,3,6,2,65535,1,1768319331],[6,3,9,3,65535,1,1667571817],[9,3,10,4,65535,1,1914725473],[12,7,12,5,15,3,1734701600],[19,4,1,6,9,1,1092643187],[23,4,3,7,65535,1,825833778],[27,3,4,8,65535,1,1953655143],[30,3,7,65535,65535,1,542389293],[33,5,13,10,65535,3,740307257],[38,3,15,11,65535,3,1931502703],[41,3,16,12,13,1,2037672041],[44,3,17,65535,65535,1,1931506802],[47,3,18,14,65535,3,1097233509],[50,3,19,65535,65535,3,1914725473],[53,4,2,16,65535,1,1934254693],[57,3,8,17,65535,1,1633951860],[60,3,14,18,20,3,1931501934],[63,4,0,19,65535,1,1864393068],[67,3,11,65535,65535,1,1701650534],[70,5,13,65535,21,3,1126200937],[75,3,20,22,65535,3,1919510375],[78,3,21,23,65535,3,1126195813],[81,3,22,24,65535,3,1852252265],[84,3,23,65535,65535,3,18809119]],"enclosure_point": [-0.03222705424582284,-0.450965133134966,0.10298313878080415,1.0053101396200503],"edges": [0,1,2,3,4,0,5,6,7,8,9,5,10,11,12,13,14,15,16,17,4,18,19,20,2,21,19,18,3,20,1,17,21,22,23,24,25,26,15,27,22,28,29,23,27,14,28,30,31,24,29,13,30,32,7,33,19,34,8,32,35,16,36,37,9,34,19,6,37,33,38,39,40,36,26,41,42,39,43,11,41,44,35,40,42,10,44],"vectors": [[0.000289921416037232,0.0,1.0,0.0],[-0.0002746623941405346,0.0,-0.9999847409781033,0.0],[-1.0,0.0,0.0,0.0],[1.0,0.0,0.0,0.0],[0.5574578469520104,-0.6150606546120394,-0.5575951781490807,0.0],[-0.5574425879301137,-0.6150606546120394,0.5576104371709774,0.0],[-0.5574425879301137,0.6150759136339361,0.5576104371709774,0.0],[0.5574578469520104,0.6150759136339361,-0.5575951781490807,0.0],[1.0,0.0,-0.0002746623941405346,0.0],[0.0,0.0,1.0,0.0],[0.5576104371709774,0.6150759136339361,0.5574578469520104,0.0],[0.5576104371709774,-0.6150606546120394,0.5574578469520104,0.0],[-0.7045548180361638,0.08635080491340505,-0.7043564507515068,0.0],[-0.14773785000381479,-0.9779201953154802,-0.1477073319600214,0.0],[-0.14773785000381479,0.9779354543373769,-0.1477073319600214,0.0],[-0.7045548180361638,-0.08633554589150838,-0.7043564507515068,0.0]],"points": [[0.0,-0.43178454261081867,-0.0010223544670786566,1.0],[0.0,0.03442435339894713,-0.0010223544670786566,1.0],[0.0,0.15098802166781108,-0.1295948729686427,1.0],[0.0,0.15098802166781108,0.127519645990692,1.0],[0.0,-0.08210879682612349,0.3846646829938201,1.0],[0.0,-0.43273060196841384,0.0,1.0],[-0.12855725947966734,-0.31618219272144654,0.0,1.0],[0.06428625925078202,-0.8407110704203861,0.0,1.0],[0.12857251850156404,-0.31618219272144654,0.0,1.0],[0.00012207217517357137,-0.8989852750438697,0.4500038147554742,1.0],[-0.44998855573357743,-0.8989852750438697,0.0,1.0],[-0.00010681315327687457,-0.8989852750438697,-0.44998855573357743,1.0],[-0.06427100022888532,-0.8407110704203861,0.0,1.0],[0.38571755550469217,-0.08210879682612349,-0.0011291676203555312,1.0],[0.0,-0.08210879682612349,-0.38673990997177077,1.0],[0.12857251850156404,0.15098802166781108,-0.0010528725108720494,1.0],[-0.3857022964827954,-0.08210879682612349,-0.0009002822919050857,1.0],[-0.12855725947966734,0.15098802166781108,-0.0009765774013885675,1.0],[-1.5259021896696368e-05,-0.31618219272144654,-0.12855725947966734,1.0],[0.0,-0.8407110704203861,-0.06427100022888532,1.0],[1.5259021896696422e-05,-0.8407110704203861,0.06428625925078202,1.0],[3.0518043793392844e-05,-0.31618219272144654,0.12857251850156404,1.0],[0.4500038147554742,-0.8989852750438697,0.0,1.0],[0.0,-0.8989852750438697,0.0,1.0]],"normals": [[0,0,0,1],[1,0,0,1],[2,1,0,1],[3,1,0,1],[4,1,0,1],[5,2,0,1],[5,2,0,1],[6,0,0,1],[5,3,0,1],[4,3,0,1],[4,3,0,1],[7,4,0,1],[8,5,1,3],[9,5,1,3],[10,6,1,3],[11,5,1,3],[12,7,1,1],[12,8,1,1],[13,9,1,3],[13,9,1,3],[14,10,1,3],[14,11,1,3],[15,6,1,3],[15,12,1,3]],"colors": [[1.0,1.0,0.0,1.0],[0.0,1.0,0.0,0.0]]}