{"enclosure_radius": 0.9141069657434958,"triangles_verts_poly": [[0,20,21],[2,20,0],[0,21,1],[1,21,22],[1,22,5],[5,22,23],[2,24,20],[6,24,2],[3,9,25],[4,9,3],[6,26,24],[17,26,6],[5,23,18],[18,23,27],[7,16,8],[7,8,28],[18,27,19],[19,27,29],[17,29,26],[19,29,17],[7,25,9],[12,30,14],[15,30,12],[16,25,7],[3,8,4],[11,30,15],[11,13,15],[11,13,10],[10,14,31],[12,14,31],[10,13,31],[4,8,28],[3,25,16],[3,8,16],[11,32,33],[11,32,30,34],[15,35,13,36],[13,36,37],[10,14,32,33],[14,32,34],[4,9,38,39],[9,40,39],[28,38,39],[7,40,28,39],[12,41,42],[12,42,31,43],[35,41,36,42],[36,42,37,43]],"min_bounds": [-0.8999923704890517,-0.8999923704890517,-0.15997558556496527,28539.43547722591],"polys": [[0,3,0,1,2,3,1870360443],[3,3,3,65535,65535,3,1276333075],[6,3,1,3,4,3,1870360443],[9,3,2,65535,65535,3,1870360443],[12,3,6,5,6,3,0],[15,3,8,65535,65535,3,1870360443],[18,3,7,7,8,3,1870360443],[21,3,9,65535,65535,3,1870360443],[24,3,4,9,10,2,1870360443],[27,3,5,65535,65535,2,1870360443],[30,3,30,11,12,3,1870360443],[33,3,32,65535,65535,3,1870360443],[36,3,31,13,14,3,1870360443],[39,3,33,65535,65535,3,1870360443],[42,3,34,15,20,2,1870360443],[45,3,35,16,65535,2,1870360443],[48,3,36,17,18,3,1870360443],[51,3,39,65535,65535,3,1870360443],[54,3,37,19,65535,3,1870360443],[57,3,38,65535,65535,3,1870360443],[60,3,10,21,24,2,1870360443],[63,3,16,22,65535,2,1870360443],[66,3,20,23,65535,2,2008905661],[69,3,26,65535,65535,2,2008905661],[72,3,12,25,65535,1,2008905661],[75,3,17,26,27,2,2008905661],[78,3,21,65535,65535,2,2008905661],[81,3,18,28,65535,1,2008875008],[84,3,19,29,30,2,2008905661],[87,3,23,65535,65535,2,1454724789],[90,3,22,31,65535,1,1731821567],[93,3,28,32,65535,1,2147450879],[96,3,11,33,38,2,1870360443],[99,3,27,34,65535,2,1870360443],[102,3,14,35,36,2,1870360443],[105,4,15,65535,65535,2,1870360443],[109,4,24,37,65535,2,1870360443],[113,3,25,65535,65535,2,1870360443],[116,4,14,39,42,2,1870360443],[120,3,15,40,65535,2,1870360443],[123,4,13,41,65535,2,1870360443],[127,3,29,65535,65535,2,1870360443],[130,3,13,43,46,2,1870360443],[133,4,29,44,65535,2,1870360443],[137,3,24,45,65535,2,1870360443],[140,4,25,65535,65535,2,1870360443],[144,4,24,47,65535,0,1870360443],[148,4,25,65535,65535,0,806112275]],"edges": [0,1,2,3,0,4,2,5,6,5,7,8,8,9,10,9,11,12,13,14,3,15,13,16,17,18,19,20,17,21,22,23,15,24,22,25,12,26,27,26,28,29,30,31,32,31,33,34,29,35,36,35,37,38,39,40,24,38,39,41,42,18,43,44,45,46,47,44,48,49,42,30,50,21,51,52,47,53,54,53,55,54,56,57,58,59,60,46,60,61,57,59,62,51,63,34,19,49,64,50,64,32,65,66,67,65,68,52,69,70,71,55,72,71,73,74,58,75,76,67,75,77,69,20,78,79,80,81,79,82,83,84,80,85,84,33,82,86,87,88,87,61,89,90,91,92,72,88,92,93,74,90],"points": [[-0.8999923704890517,0.0,-0.15997558556496527,1.0],[-0.6359807736324101,-0.6359807736324101,-0.15997558556496527,1.0],[-0.6359807736324101,0.6359960326543068,-0.15997558556496527,1.0],[-0.49999237048905165,0.14999618524452582,0.14999618524452582,0.0],[-0.49999237048905165,-0.14998092622262915,0.14999618524452582,1.0],[0.0,-0.8999923704890517,-0.15997558556496527,1.0],[0.0,0.9000076295109484,-0.15997558556496527,1.0],[0.5000076295109483,-0.14998092622262915,-0.14998092622262915,1.0],[0.5000076295109483,0.14999618524452582,0.14999618524452582,1.0],[-0.49999237048905165,-0.14998092622262915,-0.14998092622262915,1.0],[-0.14998092622262915,-0.49999237048905165,0.14999618524452582,1.0],[-0.14998092622262915,0.5000076295109483,0.14999618524452582,0.0],[0.14999618524452582,-0.49999237048905165,-0.14998092622262915,1.0],[0.14999618524452582,0.5000076295109483,0.14999618524452582,1.0],[-0.14998092622262915,-0.49999237048905165,-0.14998092622262915,1.0],[0.14999618524452582,0.5000076295109483,-0.14998092622262915,1.0],[0.5000076295109483,0.14999618524452582,-0.14998092622262915,1.0],[0.6359960326543068,0.6359960326543068,-0.15997558556496527,1.0],[0.6359960326543068,-0.6359807736324101,-0.15997558556496527,1.0],[0.9000076295109484,0.0,-0.15997558556496527,1.0],[-0.6359807736324101,0.6359960326543068,0.15999084458686197,1.0],[-0.8999923704890517,0.0,0.15999084458686197,1.0],[-0.6359807736324101,-0.6359807736324101,0.15999084458686197,1.0],[0.0,-0.8999923704890517,0.15999084458686197,1.0],[0.0,0.9000076295109484,0.15999084458686197,1.0],[-0.49999237048905165,0.14999618524452582,-0.14998092622262915,1.0],[0.6359960326543068,0.6359960326543068,0.15999084458686197,1.0],[0.6359960326543068,-0.6359807736324101,0.15999084458686197,1.0],[0.5000076295109483,-0.14998092622262915,0.14999618524452582,1.0],[0.9000076295109484,0.0,0.15999084458686197,1.0],[-0.14998092622262915,0.5000076295109483,-0.14998092622262915,1.0],[0.14999618524452582,-0.49999237048905165,0.14999618524452582,1.0],[-0.14998092622262915,0.14999618524452582,0.04499885557335775,0.0],[-0.14998092622262915,0.14999618524452582,0.14999618524452582,0.0],[-0.14998092622262915,0.14999618524452582,-0.14998092622262915,0.0],[0.14999618524452582,0.14999618524452582,-0.14998092622262915,1.0],[0.14999618524452582,0.14999618524452582,0.04499885557335775,1.0],[0.14999618524452582,0.14999618524452582,0.14999618524452582,1.0],[-0.14998092622262915,-0.14998092622262915,0.14999618524452582,1.0],[-0.14998092622262915,-0.14998092622262915,-0.044983596551461,1.0],[-0.14998092622262915,-0.14998092622262915,-0.14998092622262915,1.0],[0.14999618524452582,-0.14998092622262915,-0.14998092622262915,1.0],[0.14999618524452582,-0.14998092622262915,-0.044983596551461,1.0],[0.14999618524452582,-0.14998092622262915,0.14999618524452582,1.0]],"colors": [[1.0,1.0,0.0,1.0],[0.0,1.0039370078740157,0.0,0.0]],"normals": [[0,0,0,3],[1,1,0,3],[1,1,0,3],[0,2,0,3],[2,3,1,2],[2,4,1,2],[3,1,0,3],[4,2,0,3],[3,5,0,3],[4,6,0,3],[5,7,1,2],[6,3,1,2],[5,8,1,1],[7,9,1,2],[2,10,1,2],[2,11,1,2],[5,12,1,2],[6,11,1,2],[5,13,1,1],[7,14,1,2],[5,15,1,2],[6,13,1,2],[5,13,1,1],[7,12,1,2],[8,15,1,2],[8,13,1,2],[5,16,1,2],[6,8,1,2],[5,8,1,1],[7,7,1,2],[9,6,0,3],[10,5,0,3],[9,17,0,3],[10,18,0,3],[8,16,1,2],[8,8,1,2],[11,18,0,3],[12,17,0,3],[12,17,0,3],[11,19,0,3]],"res_id": 2843,"enclosure_point": [0.0,0.0,0.0,0.9141069657434958],"unique_edges": [[0,20],[20,21],[0,21],[2,20],[0,2],[1,21],[0,1],[21,22],[1,22],[5,22],[1,5],[22,23],[5,23],[2,24],[20,24],[6,24],[2,6],[3,9],[9,25],[3,25],[4,9],[3,4],[6,26],[24,26],[17,26],[6,17],[18,23],[5,18],[23,27],[18,27],[7,16],[7,8],[8,16],[7,28],[8,28],[19,27],[18,19],[27,29],[19,29],[17,29],[26,29],[17,19],[7,25],[7,9],[12,30],[14,30],[12,14],[15,30],[12,15],[16,25],[3,8],[4,8],[11,30],[11,15],[11,13],[13,15],[10,11],[10,13],[10,14],[10,31],[14,31],[12,31],[13,31],[4,28],[3,16],[11,32],[11,33],[32,33],[30,34],[32,34],[15,35],[13,36],[35,36],[13,37],[36,37],[14,32],[10,33],[14,34],[4,38],[9,39],[38,39],[9,40],[39,40],[28,38],[28,39],[7,40],[12,41],[12,42],[41,42],[31,43],[42,43],[35,41],[36,42],[37,43]],"vectors": [[-0.9235828183413444,0.3833829251544976,0.0,0.0],[-0.9235828183413444,-0.38336766613260087,0.0,0.0],[-1.0,0.0,0.0,0.0],[-0.38336766613260087,-0.9235828183413444,0.0,0.0],[-0.38336766613260087,0.9235980773632411,0.0,0.0],[0.0,0.0,-1.0,0.0],[0.0,1.0,0.0,0.0],[0.0,-1.0,0.0,0.0],[1.0,0.0,0.0,0.0],[0.3833829251544976,0.9235980773632411,0.0,0.0],[0.3833829251544976,-0.9235828183413444,0.0,0.0],[0.9235980773632411,-0.38336766613260087,0.0,0.0],[0.9235980773632411,0.3833829251544976,0.0,0.0]],"name": "bspHealth","triangles_poly": [[[0,1,2]],[[0,1,2]],[[0,1,2]],[[0,1,2]],[[0,1,2]],[[1,2,0]],[[0,1,2]],[[0,1,2]],[[1,2,0]],[[1,2,0]],[[0,1,2]],[[0,1,2]],[[0,1,2]],[],[[0,2,1]],[[0,2,1]],[[0,1,2]],[],[[1,2,0]],[[0,1,2]],[[2,0,1]],[[2,0,1]],[[1,2,0]],[[1,2,0]],[[2,1,0]],[[2,0,1]],[[0,2,1]],[[2,1,0]],[[1,0,2]],[[1,2,0]],[[0,2,1]],[[0,2,1]],[[2,0,1]],[[0,2,1]],[[1,0,2]],[[1,3,2],[2,0,1]],[[1,3,0],[2,0,3]],[[1,2,0]],[[1,2,0],[3,0,2]],[[0,2,1]],[[3,1,0],[0,2,3]],[[0,2,1]],[[1,0,2]],[[1,3,0],[2,0,3]],[[0,2,1]],[[0,2,1],[3,1,2]],[[1,3,0],[2,0,3]],[[1,3,0],[2,0,3]]],"max_bounds": [0.9000076295109484,0.9000076295109484,0.15999084458686197,28539.43547722591]}