{
 "colors": [
  [
   16711422,
   [
    0,
    33,
    34,
    35,
    36,
    37,
    38,
    39,
    40,
    41,
    42,
    43,
    44,
    45,
    46,
    47,
    48,
    1,
    1,
    1,
    1,
    1,
    1,
    1,
    1,
    1,
    1,
    1,
    1,
    1,
    1,
    1
   ]
  ],
  [
   16646144,
   [
    0,
    49,
    50,
    51,
    52,
    53,
    54,
    55,
    56,
    57,
    58,
    59,
    60,
    61,
    62,
    63,
    64,
    65,
    66,
    67,
    68,
    69,
    70,
    71,
    72,
    73,
    74,
    75,
    76,
    77,
    78,
    79
   ]
  ]
 ],
 "edges": [
  0,
  1,
  2,
  3,
  4,
  5,
  6,
  7,
  8,
  9,
  10,
  4,
  2,
  11,
  8,
  12,
  13,
  14,
  15,
  16,
  17,
  5,
  18,
  19,
  14,
  6,
  20,
  21,
  22,
  12,
  10,
  23,
  24,
  25,
  23,
  15,
  11,
  26,
  27,
  27,
  21,
  20,
  28,
  25,
  29,
  18,
  24,
  28,
  30,
  31,
  1,
  32,
  33,
  34,
  35,
  0,
  7,
  30,
  35,
  13,
  31,
  22,
  26,
  36,
  33,
  37,
  38,
  39,
  40,
  37,
  41,
  42,
  43,
  44,
  45,
  19,
  46,
  3,
  45,
  9,
  46,
  16,
  17,
  44,
  29,
  47,
  48,
  49,
  48,
  50,
  51,
  52,
  53,
  54,
  55,
  56,
  43,
  57,
  58,
  39,
  34,
  54,
  55,
  58,
  59,
  60,
  53,
  49,
  60,
  61,
  62,
  51,
  63,
  64,
  62
 ],
 "enclosure_point": [
  -0.020859082932784045,
  -0.368184939345388,
  -0.1308003356984817,
  0.7953612573434042
 ],
 "enclosure_radius": 0.5990234225986114,
 "max_bounds": [
  0.07499809262226291,
  0.0,
  0.33800259403372246,
  -28606.999694819562
 ],
 "min_bounds": [
  -0.07498283360036617,
  -0.7499961852445258,
  -0.33798733501182576,
  -32691.999938963912
 ],
 "name": "bspFlag",
 "normals": [
  [
   0,
   0,
   0,
   3
  ],
  [
   1,
   1,
   0,
   3
  ],
  [
   2,
   2,
   0,
   3
  ],
  [
   3,
   3,
   0,
   3
  ],
  [
   4,
   4,
   0,
   3
  ],
  [
   5,
   0,
   0,
   3
  ],
  [
   6,
   5,
   0,
   3
  ],
  [
   7,
   6,
   1,
   1
  ],
  [
   7,
   7,
   1,
   1
  ],
  [
   8,
   8,
   1,
   1
  ],
  [
   7,
   9,
   1,
   1
  ],
  [
   7,
   10,
   1,
   1
  ],
  [
   8,
   11,
   1,
   1
  ],
  [
   9,
   12,
   1,
   1
  ],
  [
   10,
   13,
   1,
   1
  ],
  [
   11,
   14,
   1,
   1
  ],
  [
   12,
   15,
   1,
   1
  ],
  [
   8,
   8,
   1,
   1
  ],
  [
   13,
   16,
   1,
   1
  ],
  [
   13,
   17,
   1,
   1
  ],
  [
   8,
   11,
   1,
   1
  ],
  [
   9,
   16,
   1,
   1
  ],
  [
   10,
   18,
   1,
   1
  ],
  [
   13,
   16,
   1,
   1
  ],
  [
   11,
   17,
   1,
   1
  ],
  [
   12,
   19,
   1,
   1
  ],
  [
   13,
   17,
   1,
   1
  ],
  [
   2,
   12,
   1,
   1
  ],
  [
   2,
   12,
   1,
   1
  ],
  [
   2,
   14,
   1,
   1
  ],
  [
   2,
   14,
   1,
   1
  ]
 ],
 "points": [
  [
   0.0,
   -0.07498283360036617,
   0.0,
   1.0
  ],
  [
   -0.07498283360036617,
   -0.07498283360036617,
   0.1309987029831388,
   1.0
  ],
  [
   0.0,
   -0.07498283360036617,
   -0.2619821469443808,
   0.0
  ],
  [
   0.0,
   -0.3819790951400015,
   -0.12698558022430761,
   1.0
  ],
  [
   0.03799496452277409,
   -0.471976806286717,
   -0.14998092622262915,
   1.0
  ],
  [
   0.03799496452277409,
   -0.40498970016021973,
   0.11200122072175174,
   1.0
  ],
  [
   0.0,
   -0.7499961852445258,
   -0.2619821469443808,
   1.0
  ],
  [
   0.0,
   -0.7499961852445258,
   0.22499427786678874,
   1.0
  ],
  [
   -0.03797970550087737,
   0.0,
   -0.33798733501182576,
   1.0
  ],
  [
   0.0,
   -0.7499961852445258,
   -0.22497901884489202,
   1.0
  ],
  [
   0.0,
   -0.7499961852445258,
   0.2619974059662776,
   1.0
  ],
  [
   -0.03797970550087737,
   0.0,
   0.2619974059662776,
   1.0
  ],
  [
   0.03799496452277409,
   0.0,
   -0.33798733501182576,
   1.0
  ],
  [
   -0.03797970550087737,
   0.0,
   -0.2619821469443808,
   1.0
  ],
  [
   0.03799496452277409,
   0.0,
   0.2619974059662776,
   1.0
  ],
  [
   -0.03797970550087737,
   0.0,
   0.33800259403372246,
   1.0
  ],
  [
   0.03799496452277409,
   -0.7499961852445258,
   -0.2619821469443808,
   1.0
  ],
  [
   0.03799496452277409,
   -0.7499961852445258,
   0.22499427786678874,
   1.0
  ],
  [
   0.03799496452277409,
   0.0,
   -0.2619821469443808,
   1.0
  ],
  [
   0.03799496452277409,
   0.0,
   0.33800259403372246,
   1.0
  ],
  [
   0.03799496452277409,
   -0.7499961852445258,
   -0.22497901884489202,
   0.0
  ],
  [
   0.03799496452277409,
   -0.7499961852445258,
   0.2619974059662776,
   0.0
  ],
  [
   0.0,
   -0.07498283360036617,
   -0.2582742046234836,
   1.0
  ],
  [
   0.0,
   -0.08445868619821473,
   -0.2578164339665827,
   1.0
  ],
  [
   0.0015106431677729458,
   -0.0908674753948272,
   -0.2574959945067521,
   1.0
  ],
  [
   -0.03797970550087737,
   -0.6229800869764248,
   -0.02298008697642484,
   1.0
  ],
  [
   -0.02420080872816055,
   -0.583459220263981,
   0.0014648661020828565,
   1.0
  ],
  [
   0.0,
   -0.07498283360036617,
   0.2619974059662776,
   0.0
  ],
  [
   -0.0020904859998474024,
   -0.07498283360036617,
   0.25828946364538036,
   1.0
  ],
  [
   0.0010376134889753567,
   -0.08410772869459071,
   0.25784695201037616,
   1.0
  ],
  [
   0.00413519493400473,
   -0.10063324940871288,
   0.2570229648279545,
   1.0
  ],
  [
   0.03799496452277409,
   -0.310582131685359,
   0.21638818951705197,
   1.0
  ],
  [
   0.07499809262226291,
   -0.539986266880293,
   0.17199969481956207,
   1.0
  ]
 ],
 "polys": [
  [
   0,
   3,
   9,
   1,
   65535,
   1,
   2152464388
  ],
  [
   3,
   3,
   12,
   2,
   65535,
   1,
   2420178964
  ],
  [
   6,
   3,
   13,
   3,
   65535,
   1,
   1317012512
  ],
  [
   9,
   3,
   16,
   4,
   65535,
   1,
   2152464388
  ],
  [
   12,
   3,
   17,
   5,
   65535,
   1,
   2420178964
  ],
  [
   15,
   3,
   18,
   6,
   65535,
   1,
   1317012512
  ],
  [
   18,
   3,
   19,
   7,
   65535,
   1,
   2152464388
  ],
  [
   21,
   3,
   20,
   8,
   65535,
   1,
   2420178964
  ],
  [
   24,
   3,
   21,
   9,
   65535,
   1,
   1317012512
  ],
  [
   27,
   3,
   23,
   10,
   65535,
   1,
   2152464388
  ],
  [
   30,
   3,
   25,
   11,
   65535,
   1,
   2420178964
  ],
  [
   33,
   3,
   26,
   12,
   65535,
   1,
   1317012512
  ],
  [
   36,
   3,
   27,
   13,
   36,
   1,
   2152464388
  ],
  [
   39,
   3,
   28,
   14,
   65535,
   1,
   2420178964
  ],
  [
   42,
   3,
   29,
   15,
   65535,
   1,
   1317012512
  ],
  [
   45,
   3,
   30,
   16,
   65535,
   1,
   2152464388
  ],
  [
   48,
   3,
   14,
   17,
   22,
   1,
   2420178964
  ],
  [
   51,
   3,
   2,
   18,
   20,
   0,
   1317012512
  ],
  [
   54,
   3,
   7,
   19,
   65535,
   1,
   2152464388
  ],
  [
   57,
   3,
   10,
   65535,
   65535,
   1,
   2420178964
  ],
  [
   60,
   3,
   22,
   21,
   65535,
   1,
   1317012512
  ],
  [
   63,
   3,
   4,
   65535,
   65535,
   0,
   2152464388
  ],
  [
   66,
   4,
   4,
   23,
   24,
   3,
   2420178964
  ],
  [
   70,
   3,
   3,
   65535,
   65535,
   3,
   1317012512
  ],
  [
   73,
   3,
   15,
   25,
   30,
   1,
   2152464388
  ],
  [
   76,
   3,
   8,
   26,
   65535,
   1,
   2420178964
  ],
  [
   79,
   3,
   11,
   27,
   65535,
   1,
   1317012512
  ],
  [
   82,
   3,
   24,
   28,
   65535,
   1,
   2152464388
  ],
  [
   85,
   3,
   1,
   29,
   65535,
   0,
   2420178964
  ],
  [
   88,
   3,
   6,
   65535,
   65535,
   0,
   1317012512
  ],
  [
   91,
   3,
   0,
   31,
   34,
   3,
   2152464388
  ],
  [
   94,
   3,
   3,
   32,
   65535,
   3,
   2420178964
  ],
  [
   97,
   4,
   2,
   65535,
   33,
   3,
   1317012512
  ],
  [
   101,
   3,
   5,
   65535,
   65535,
   3,
   2152464388
  ],
  [
   104,
   4,
   1,
   35,
   65535,
   3,
   2420178964
  ],
  [
   108,
   4,
   6,
   65535,
   65535,
   3,
   1317012512
  ],
  [
   112,
   3,
   6,
   65535,
   65535,
   3,
   2152464388
  ]
 ],
 "res_id": 3000,