{
 "colors": [
  [
   16711422,
   [
    0,
    33,
    34,
    35,
    36,
    37,
    38,
    39,
    40,
    41,
    42,
    43,
    44,
    45,
    46,
    47,
    48,
    1,
    1,
    1,
    1,
    1,
    1,
    1,
    1,
    1,
    1,
    1,
    1,
    1,
    1,
    1
   ]
  ],
  [
   16646144,
   [
    0,
    49,
    50,
    51,
    52,
    53,
    54,
    55,
    56,
    57,
    58,
    59,
    60,
    61,
    62,
    63,
    64,
    65,
    66,
    67,
    68,
    69,
    70,
    71,
    72,
    73,
    74,
    75,
    76,
    77,
    78,
    79
   ]
  ]
 ],
 "edges": [
  0,
  1,
  2,
  3,
  4,
  5,
  3,
  1,
  6,
  0,
  7,
  8,
  7,
  9,
  10,
  4,
  11,
  12,
  13,
  9,
  14,
  11,
  15,
  16,
  16,
  17,
  18,
  19,
  20,
  21,
  13,
  22,
  23,
  24,
  17,
  25,
  20,
  26,
  25,
  19,
  27,
  28,
  29,
  17,
  20,
  24,
  26,
  29,
  30,
  31,
  32,
  33,
  22,
  34,
  33,
  35,
  36,
  31,
  37,
  38,
  39,
  37,
  40,
  39,
  35,
  41,
  42,
  43,
  44,
  45,
  43,
  5,
  45,
  46,
  47,
  42,
  48,
  2,
  14,
  48,
  49,
  50,
  46,
  12,
  50,
  51,
  52,
  53,
  54,
  8,
  54,
  55,
  6,
  21,
  15,
  55,
  10,
  56,
  53,
  27,
  56,
  57,
  30,
  51,
  58,
  57,
  23,
  59,
  18,
  60,
  58,
  60,
  29,
  61,
  62,
  63,
  28,
  62,
  59,
  36,
  61,
  63,
  40
 ],
 "enclosure_point": [
  0.0,
  0.0,
  0.0,
  0.5006179903868162
 ],
 "enclosure_radius": 0.5006179903868162,
 "max_bounds": [
  0.5000076295109483,
  0.0,
  0.5000076295109483,
  23894.864591439688
 ],
 "min_bounds": [
  -0.49999237048905165,
  0.0,
  -0.49999237048905165,
  32086.864591439688
 ],
 "name": "bspSpinny",
 "normals": [
  [
   0,
   0,
   0,
   1
  ],
  [
   0,
   1,
   0,
   1
  ],
  [
   0,
   2,
   0,
   1
  ],
  [
   0,
   3,
   0,
   1
  ],
  [
   0,
   4,
   0,
   1
  ],
  [
   0,
   5,
   0,
   1
  ],
  [
   0,
   6,
   0,
   1
  ],
  [
   0,
   7,
   0,
   1
  ],
  [
   0,
   7,
   0,
   1
  ],
  [
   0,
   8,
   0,
   1
  ],
  [
   0,
   9,
   0,
   1
  ],
  [
   0,
   10,
   0,
   1
  ],
  [
   0,
   11,
   0,
   1
  ],
  [
   0,
   12,
   0,
   1
  ],
  [
   0,
   12,
   0,
   1
  ],
  [
   0,
   13,
   0,
   1
  ],
  [
   0,
   14,
   0,
   1
  ],
  [
   0,
   15,
   0,
   1
  ],
  [
   0,
   16,
   0,
   1
  ],
  [
   0,
   17,
   0,
   1
  ],
  [
   0,
   18,
   0,
   1
  ],
  [
   0,
   19,
   0,
   1
  ],
  [
   0,
   20,
   1,
   1
  ],
  [
   0,
   5,
   1,
   1
  ],
  [
   0,
   21,
   1,
   1
  ],
  [
   0,
   1,
   1,
   1
  ],
  [
   0,
   6,
   1,
   1
  ],
  [
   0,
   7,
   1,
   1
  ],
  [
   0,
   22,
   1,
   1
  ],
  [
   0,
   4,
   1,
   1
  ],
  [
   0,
   3,
   1,
   1
  ],
  [
   0,
   8,
   1,
   1
  ],
  [
   0,
   4,
   1,
   1
  ],
  [
   0,
   23,
   1,
   1
  ],
  [
   0,
   24,
   1,
   1
  ],
  [
   0,
   23,
   1,
   1
  ],
  [
   0,
   7,
   1,
   1
  ],
  [
   0,
   24,
   1,
   1
  ],
  [
   0,
   23,
   1,
   1
  ],
  [
   0,
   18,
   1,
   1
  ],
  [
   0,
   24,
   1,
   1
  ]
 ],
 "points": [
  [
   -0.26498817425803,
   0.0,
   0.26500343327992676,
   1.0
  ],
  [
   -0.37499046311131456,
   0.0,
   0.0,
   1.0
  ],
  [
   -0.1329823758297093,
   0.0,
   -0.1329823758297093,
   1.0
  ],
  [
   -0.18797589074540322,
   0.0,
   0.0,
   1.0
  ],
  [
   -0.1329823758297093,
   0.0,
   0.132997634851606,
   1.0
  ],
  [
   -0.26498817425803,
   0.0,
   -0.26498817425803,
   1.0
  ],
  [
   0.0,
   0.0,
   0.5000076295109483,
   1.0
  ],
  [
   0.0,
   0.0,
   -0.37499046311131456,
   1.0
  ],
  [
   0.0,
   0.0,
   0.18799114976729991,
   1.0
  ],
  [
   0.0,
   0.0,
   0.37500572213321126,
   1.0
  ],
  [
   0.132997634851606,
   0.0,
   -0.1329823758297093,
   1.0
  ],
  [
   0.0,
   0.0,
   -0.18797589074540322,
   1.0
  ],
  [
   0.18799114976729991,
   0.0,
   0.0,
   1.0
  ],
  [
   0.179995422293431,
   0.0,
   -0.2099794003204395,
   1.0
  ],
  [
   0.0,
   0.0,
   -0.49999237048905165,
   1.0
  ],
  [
   0.3539940489814603,
   0.0,
   0.3539940489814603,
   1.0
  ],
  [
   0.26500343327992676,
   0.0,
   0.26500343327992676,
   1.0
  ],
  [
   0.3539940489814603,
   0.0,
   -0.35397878995956356,
   1.0
  ],
  [
   0.37500572213321126,
   0.0,
   0.0,
   1.0
  ],
  [
   0.5000076295109483,
   0.0,
   0.0,
   1.0
  ],
  [
   -0.35397878995956356,
   0.0,
   0.3539940489814603,
   1.0
  ],
  [
   -0.49999237048905165,
   0.0,
   0.0,
   1.0
  ],
  [
   -0.35397878995956356,
   0.0,
   -0.35397878995956356,
   1.0
  ],
  [
   0.132997634851606,
   0.0,
   0.132997634851606,
   1.0
  ],
  [
   0.26500343327992676,
   0.0,
   -0.26498817425803,
   1.0
  ]
 ],
 "polys": [
  [
   0,
   3,
   0,
   1,
   65535,
   1,
   0
  ],
  [
   3,
   3,
   1,
   2,
   65535,
   1,
   0
  ],
  [
   6,
   3,
   2,
   3,
   65535,
   1,
   0
  ],
  [
   9,
   3,
   3,
   4,
   65535,
   1,
   65536
  ],
  [
   12,
   3,
   4,
   5,
   65535,
   1,
   0
  ],
  [
   15,
   3,
   5,
   6,
   65535,
   1,
   0
  ],
  [
   18,
   3,
   6,
   7,
   65535,
   1,
   0
  ],
  [
   21,
   3,
   7,
   8,
   65535,
   1,
   67525168
  ],
  [
   24,
   3,
   8,
   9,
   65535,
   1,
   0
  ],
  [
   27,
   3,
   9,
   10,
   65535,
   1,
   130543472
  ],
  [
   30,
   3,
   10,
   11,
   65535,
   1,
   0
  ],
  [
   33,
   3,
   11,
   12,
   65535,
   1,
   67457724
  ],
  [
   36,
   3,
   12,
   13,
   65535,
   1,
   0
  ],
  [
   39,
   3,
   13,
   14,
   65535,
   1,
   0
  ],
  [
   42,
   3,
   14,
   15,
   65535,
   1,
   1388052737
  ],
  [
   45,
   3,
   15,
   16,
   65535,
   1,
   0
  ],
  [
   48,
   3,
   16,
   17,
   65535,
   1,
   0
  ],
  [
   51,
   3,
   17,
   18,
   65535,
   1,
   0
  ],
  [
   54,
   3,
   18,
   19,
   65535,
   1,
   0
  ],
  [
   57,
   3,
   19,
   20,
   65535,
   1,
   0
  ],
  [
   60,
   3,
   20,
   21,
   65535,
   1,
   1541406720
  ],
  [
   63,
   3,
   21,
   22,
   65535,
   1,
   0
  ],
  [
   66,
   3,
   22,
   23,
   65535,
   1,
   67525168
  ],
  [
   69,
   3,
   23,
   24,
   65535,
   1,
   2
  ],
  [
   72,
   3,
   24,
   25,
   65535,
   1,
   0
  ],
  [
   75,
   3,
   25,
   26,
   65535,
   1,
   0
  ],
  [
   78,
   3,
   26,
   27,
   65535,
   1,
   67457500
  ],
  [
   81,
   3,
   27,
   28,
   65535,
   1,
   0
  ],
  [
   84,
   3,
   28,
   29,
   65535,
   1,
   0
  ],
  [
   87,
   3,
   29,
   30,
   65535,
   1,
   1373372417
  ],
  [
   90,
   3,
   30,
   31,
   65535,
   1,
   0
  ],
  [
   93,
   3,
   31,
   32,
   65535,
   1,
   0
  ],
  [
   96,
   3,
   32,
   33,
   65535,
   1,
   0
  ],
  [
   99,
   3,
   33,
   34,
   65535,
   1,
   2879881560
  ],
  [
   102,
   3,
   34,
   35,
   65535,
   1,
   75750080
  ],
  [
   105,
   3,
   35,
   36,
   65535,
   1,
   75749952
  ],
  [
   108,
   3,
   36,
   37,
   65535,
   1,
   2868903947
  ],
  [
   111,
   3,
   37,
   38,
   65535,
   1,
   16
  ],
  [
   114,
   3,
   38,
   39,
   65535,
   1,
   206726499
  ],
  [
   117,
   3,
   39,
   40,
   65535,
   1,
   130473816
  ],
  [
   120,
   3,
   40,
   65535,
   65535,
   1,
   2868903952
  ]
 ],
 "res_id": 3001,