{"enclosure_radius": 2.5000076295109483,"triangles_verts_poly": [[11,18,0],[0,1,3],[2,18,3],[0,18,3],[2,5,3],[1,3,6],[4,5,6],[3,5,6],[4,8,6],[1,6,19],[7,8,19],[6,8,19],[7,20,19],[1,19,10],[9,20,10],[19,20,10],[11,12,0],[0,1,10],[9,12,10],[0,12,10],[11,18,13],[13,14,15],[2,18,15],[13,18,15],[2,5,15],[14,15,16],[4,5,16],[5,15,16],[4,8,16],[14,16,21],[7,8,21],[8,16,21],[7,20,21],[14,21,17],[9,20,17],[20,21,17],[11,12,13],[13,14,17],[9,12,17],[12,13,17]],"min_bounds": [-2.4999923704890517,-2.4999923704890517,-2.377630273899443,-13406.000350957504],"res_id": 300,"triangles_poly": [[[1,2,0]],[[1,0,2]],[[0,1,2]],[[1,0,2]],[[1,2,0]],[[1,2,0]],[[0,1,2]],[[1,0,2]],[[0,1,2]],[[1,2,0]],[[1,2,0]],[[1,0,2]],[[0,1,2]],[[1,2,0]],[[1,2,0]],[[1,0,2]],[[2,0,1]],[[1,0,2]],[[2,0,1]],[[1,0,2]],[[1,2,0]],[[1,0,2]],[[0,1,2]],[[2,1,0]],[[1,2,0]],[[1,2,0]],[[0,1,2]],[[2,0,1]],[[0,1,2]],[[1,2,0]],[[1,2,0]],[[1,2,0]],[[0,1,2]],[[1,2,0]],[[1,2,0]],[[1,2,0]],[[2,0,1]],[[1,0,2]],[[2,0,1]],[[1,2,0]]],"max_bounds": [2.5000076295109483,2.5000076295109483,2.3776455329213397,31752.010345616847],"unique_edges": [[11,18],[0,18],[0,11],[0,1],[0,3],[1,3],[2,18],[3,18],[2,3],[2,5],[3,5],[3,6],[1,6],[4,5],[5,6],[4,6],[4,8],[6,8],[6,19],[1,19],[7,8],[8,19],[7,19],[7,20],[19,20],[10,19],[1,10],[9,20],[10,20],[9,10],[11,12],[0,12],[0,10],[9,12],[10,12],[13,18],[11,13],[13,14],[13,15],[14,15],[15,18],[2,15],[5,15],[15,16],[14,16],[5,16],[4,16],[8,16],[16,21],[14,21],[8,21],[7,21],[20,21],[17,21],[14,17],[17,20],[9,17],[12,13],[13,17],[12,17]],"name": "patchsphere.dxf","polys": [[0,3,0,1,65535,1,2149515788],[3,3,1,2,65535,1,947912704],[6,3,2,65535,3,2,2151743508],[9,3,3,65535,4,2,2212626428],[12,3,4,5,65535,1,2415984648],[15,3,5,6,65535,1,671088640],[18,3,6,65535,7,2,2172846084],[21,3,7,65535,8,2,2283734210],[24,3,8,9,65535,1,947912704],[27,3,9,10,65535,1,2151743508],[30,3,10,65535,11,2,2155807240],[33,3,11,65535,12,2,1208533337],[36,3,12,13,65535,1,2080900006],[39,3,13,14,65535,1,2481061884],[42,3,14,65535,15,2,2283734209],[45,3,15,65535,16,2,947912704],[48,3,16,65535,17,2,671088640],[51,3,17,65535,18,2,1208131257],[54,3,18,19,65535,1,1099038740],[57,3,19,20,65535,1,1610612736],[60,3,20,65535,21,2,2155807248],[63,3,21,65535,22,2,2147549256],[66,3,22,23,65535,1,1317011488],[69,3,23,24,65535,1,2485256128],[72,3,24,65535,25,2,1099038804],[75,3,25,65535,26,2,2091133816],[78,3,26,27,65535,1,3225355012],[81,3,27,28,65535,1,3225355016],[84,3,28,65535,29,2,2155807248],[87,3,29,65535,30,2,2151743508],[90,3,30,31,65535,1,2212626428],[93,3,31,32,65535,1,2485256128],[96,3,32,65535,33,2,2153972240],[99,3,33,65535,34,2,941686848],[102,3,34,35,65535,1,2481061884],[105,3,35,36,65535,1,2149515788],[108,3,36,37,65535,1,1208064049],[111,3,37,38,65535,1,2147549256],[114,3,38,65535,39,2,1317011488],[117,3,39,65535,65535,2,2485256128]],"enclosure_point": [0.0,0.0,0.0,2.5000076295109483],"edges": [0,1,2,3,4,5,6,7,8,1,4,7,9,10,8,5,11,12,13,14,15,10,11,14,16,17,15,12,18,19,20,21,22,17,18,21,23,24,22,19,25,26,27,28,29,24,25,28,30,31,2,3,32,26,33,34,29,31,32,34,0,35,36,37,38,39,6,40,41,35,38,40,9,42,41,39,43,44,13,45,46,42,43,45,16,47,46,44,48,49,20,50,51,47,48,50,23,52,51,49,53,54,27,55,56,52,53,55,30,57,36,37,58,54,33,59,56,57,58,59],"vectors": [[-0.8848554207675288,-0.3665064469367514,0.28751049057755396,0.0],[-0.36867322804608227,-0.8901045242999923,0.2678721293965057,0.0],[0.5468833447775998,0.366521705958648,-0.7526970321202411,0.0],[0.692133974212253,0.5177538719768063,-0.5028458075837339,0.0],[0.0,-0.3665064469367514,0.9304188601510643,0.0],[0.14082551308461128,-0.8901045242999923,0.4334325169756619,0.0],[-0.5468680857557031,0.366521705958648,-0.7526970321202411,0.0],[-0.26434729533836876,0.5177538719768063,-0.8136415655756466,0.0],[0.8848706797894255,-0.3665064469367514,0.28751049057755396,0.0],[0.455741206988632,-0.8901045242999923,0.0,0.0],[-0.8848554207675288,0.366521705958648,0.28751049057755396,0.0],[-0.8555123216601817,0.5177538719768063,0.0,0.0],[0.5468833447775998,-0.3665064469367514,-0.7526970321202411,0.0],[0.14082551308461128,-0.8901045242999923,-0.4334172579537652,0.0],[0.0,0.366521705958648,0.9304188601510643,0.0],[-0.26434729533836876,0.5177538719768063,0.8136568245975433,0.0],[0.8848706797894255,0.366521705958648,0.28751049057755396,0.0],[0.36868848706797896,0.890119783321889,0.2678721293965057,0.0],[-0.5468680857557031,-0.3665064469367514,-0.7526970321202411,0.0],[-0.6921187151903563,-0.5177386129549095,-0.5028458075837339,0.0],[0.8848706797894255,-0.3665064469367514,-0.28749523155565726,0.0],[0.36868848706797896,-0.8901045242999923,-0.26785687037460904,0.0],[-0.5468680857557031,0.366521705958648,0.7527122911421378,0.0],[-0.6921187151903563,0.5177538719768063,0.5028610666056306,0.0],[0.0,-0.3665064469367514,-0.9304036011291676,0.0],[-0.14081025406271463,-0.8901045242999923,-0.4334172579537652,0.0],[0.5468833447775998,0.366521705958648,0.7527122911421378,0.0],[0.2643625543602655,0.5177538719768063,0.8136568245975433,0.0],[-0.8848554207675288,-0.3665064469367514,-0.28749523155565726,0.0],[-0.4557259479667354,-0.8901045242999923,0.0,0.0],[0.8848706797894255,0.366521705958648,-0.28749523155565726,0.0],[0.8555275806820782,0.5177538719768063,0.0,0.0],[-0.5468680857557031,-0.3665064469367514,0.7527122911421378,0.0],[-0.14081025406271463,-0.8901045242999923,0.4334325169756619,0.0],[0.0,0.366521705958648,-0.9304036011291676,0.0],[0.2643625543602655,0.5177538719768063,-0.8136415655756466,0.0],[-0.8848554207675288,0.366521705958648,-0.28749523155565726,0.0],[-0.36867322804608227,0.890119783321889,-0.26785687037460904,0.0],[0.5468833447775998,-0.3665064469367514,0.7527122911421378,0.0],[0.692133974212253,-0.5177386129549095,0.5028610666056306,0.0]],"points": [[1.767772945754177,1.767772945754177,0.0,1.0],[0.0,2.5000076295109483,0.0,1.0],[0.7725490196078432,0.0,-2.377630273899443,1.0],[0.5462729839017318,1.767772945754177,-1.6812390325780118,1.0],[-2.022522316319524,0.0,-1.4694438086518655,1.0],[-0.7725337605859465,0.0,-2.377630273899443,1.0],[-1.4301365682459755,1.767772945754177,-1.039047837033646,1.0],[-2.022522316319524,0.0,1.4694590676737622,1.0],[-2.4999923704890517,0.0,0.0,1.0],[0.7725490196078432,0.0,2.3776455329213397,1.0],[0.5462729839017318,1.767772945754177,1.6812542915999085,1.0],[2.5000076295109483,0.0,0.0,1.0],[2.0225375753414205,0.0,1.4694590676737622,1.0],[1.767772945754177,-1.7677576867322804,0.0,0.0],[0.0,-2.4999923704890517,0.0,0.0],[0.5462729839017318,-1.7677576867322804,-1.6812390325780118,0.0],[-1.4301365682459755,-1.7677576867322804,-1.039047837033646,0.0],[0.5462729839017318,-1.7677576867322804,1.6812542915999085,0.0],[2.0225375753414205,0.0,-1.4694438086518655,1.0],[-1.4301365682459755,1.767772945754177,1.039063096055543,1.0],[-0.7725337605859465,0.0,2.3776455329213397,1.0],[-1.4301365682459755,-1.7677576867322804,1.039063096055543,0.0]],"normals": [[0,0,0,1],[1,1,0,1],[2,2,0,2],[3,3,0,2],[4,2,0,1],[5,1,0,1],[6,4,0,2],[7,5,0,2],[8,4,0,1],[9,6,0,1],[10,7,0,2],[11,8,0,2],[12,7,0,1],[13,1,0,1],[14,9,0,2],[15,10,0,2],[16,11,0,2],[17,1,0,2],[18,9,0,1],[19,12,0,1],[20,13,0,2],[21,14,0,2],[22,2,0,1],[23,15,0,1],[24,2,0,2],[25,14,0,2],[26,4,0,1],[27,5,0,1],[28,4,0,2],[29,16,0,2],[30,7,0,1],[31,8,0,1],[32,7,0,2],[33,14,0,2],[34,9,0,1],[35,17,0,1],[36,11,0,1],[37,14,0,1],[38,9,0,2],[39,12,0,2]],"colors": [[1.0,1.0,0.0,1.0]]}