{"enclosure_radius": 0.986129549095903,"triangles_verts_poly": [[0,2,1],[0,4,2],[1,6,3],[1,2,6],[4,7,2],[4,5,7],[1,5,7],[0,5,1],[2,8,6],[2,7,8],[3,7,8],[1,7,3],[3,4,0],[3,6,4],[6,9,4],[6,10,9],[8,10,5,9],[5,9,4],[0,8,5],[3,8,0]],"min_bounds": [-0.46970321202410925,0.006073090714885176,-0.6905012588693065,29283.0],"res_id": 310,"triangles_poly": [[[1,2,0]],[[2,0,1]],[[1,2,0]],[[1,2,0]],[[1,2,0]],[[2,0,1]],[[2,1,0]],[[1,0,2]],[[1,2,0]],[[1,2,0]],[[1,0,2]],[[1,0,2]],[[1,2,0]],[[2,0,1]],[[1,2,0]],[[1,2,0]],[[0,2,1],[3,1,2]],[[0,2,1]],[[1,0,2]],[[1,0,2]]],"max_bounds": [0.8337224383916991,0.156069275959411,0.7487602044708934,29305.0],"unique_edges": [[0,2],[1,2],[0,1],[0,4],[2,4],[1,6],[3,6],[1,3],[2,6],[4,7],[2,7],[4,5],[5,7],[1,5],[1,7],[0,5],[2,8],[6,8],[7,8],[3,7],[3,8],[3,4],[0,3],[4,6],[6,9],[4,9],[6,10],[9,10],[8,10],[5,8],[5,9],[0,8]],"name": "mine.asleep","polys": [[0,3,0,1,65535,1,3081776],[3,3,1,2,65535,1,3081872],[6,3,2,3,65535,1,7077888],[9,3,3,4,65535,1,0],[12,3,6,5,65535,1,3081776],[15,3,7,6,65535,1,344940],[18,3,8,7,65535,1,3081776],[21,3,9,8,65535,1,54525952],[24,3,10,9,65535,1,16],[27,3,11,10,65535,1,554434560],[30,3,12,11,65535,1,3081776],[33,3,13,12,65535,1,0],[36,3,4,13,16,1,1721409],[39,3,5,65535,14,1,3081776],[42,3,14,15,65535,1,119603199],[45,3,15,65535,65535,1,16],[48,4,15,17,18,1,3081776],[52,3,14,65535,65535,1,524288],[55,3,16,19,65535,1,0],[58,3,17,65535,65535,1,120061952]],"enclosure_point": [0.06828412298771648,0.04356450751506828,-0.14122224765392544,0.8351415274280919],"edges": [0,1,2,3,4,0,5,6,7,1,8,5,9,10,4,11,12,9,13,14,12,15,2,13,16,17,8,10,18,16,19,20,18,14,7,19,21,3,22,6,23,21,24,23,25,26,24,27,28,29,30,27,30,11,25,31,15,29,20,22,31],"vectors": [[-0.35989929045548186,-0.7718776226443885,-0.5240558480201419,0.0],[-0.02504005493247885,-0.9787136644541085,-0.2036469062333105,0.0],[-0.11734187838559551,0.9847867551689937,-0.12813000686655984,0.0],[-0.3553826199740596,0.7783932249942779,-0.5174792095826657,0.0],[0.06807049668116273,-0.8303349355306324,0.5530937666895552,0.0],[0.2777294575417716,0.9115434500648508,0.30327306019684136,0.0],[0.6337987335011825,-0.7718776226443885,-0.04988174258030065,0.0],[0.1889372091248951,-0.9787136644541085,0.08004882887006942,0.0],[-0.27415884641794463,-0.7711299305714504,0.5745937285420004,0.0],[-0.16383611810482945,-0.9786984054322118,0.12358281834134432,0.0],[0.16964980544747083,0.9847867551689937,-0.03759822995345996,0.0],[0.6258487830930037,0.7783932249942779,-0.049256122682536096,0.0],[-0.05226214999618528,0.9847867551689937,0.16577401388570992,0.0],[-0.2708476386663615,0.7774166475928893,0.5676661326009003,0.0],[-0.5130998702983138,-0.8303196765087357,-0.21736476691844053,0.0],[-0.4014648661020829,0.9115434500648508,0.08903639276722362,0.0],[0.444632639047837,-0.8305333028152895,-0.3353780422674907,0.0],[0.12373540856031129,0.911482413977264,-0.39227893492027166,0.0]],"points": [[0.308720531013962,0.156069275959411,0.12628366521705958,1.0],[0.8337224383916991,0.04356450751506828,-0.0685435263599603,1.0],[-0.3563591973754482,0.04356450751506828,0.7487602044708934,1.0],[0.5899748226138705,0.006073090714885176,-0.13350118257419696,1.0],[-0.2628366521705958,0.156069275959411,0.19662775616083009,1.0],[-0.03817807278553442,0.156069275959411,-0.3336079957274739,1.0],[-0.17830167086289772,0.006073090714885176,0.5700770580605783,1.0],[-0.46970321202410925,0.04356450751506828,-0.6905012588693065,1.0],[-0.4038910505836576,0.006073090714885176,-0.44698252841992825,0.0],[-0.10153353170061796,0.08824292362859541,0.07495231555657282,1.0],[-0.30980392156862746,0.006073090714885176,-0.022751201647974395,0.0]],"normals": [[0,0,0,1],[1,0,0,1],[2,1,0,1],[3,2,0,1],[4,0,0,1],[5,3,0,1],[6,2,0,1],[7,4,0,1],[8,5,0,1],[9,1,0,1],[10,6,0,1],[11,2,0,1],[12,7,0,1],[13,1,0,1],[14,6,0,1],[15,6,0,1],[16,8,0,1],[17,0,0,1]],"colors": [[1.0,1.0,0.0,1.0]]}