{"enclosure_radius": 0.986129549095903,"triangles_verts_poly": [[0,2,1],[1,6,3],[1,2,6],[4,7,2],[1,5,7],[2,8,6],[2,7,8],[3,7,8],[1,7,3],[9,10,11],[9,10,12],[10,11,12],[9,11,12],[0,4,2],[4,5,7],[0,5,1],[3,4,0],[3,6,4],[6,13,4],[6,14,13],[8,14,5,13],[5,13,4],[0,8,5],[3,8,0]],"min_bounds": [-0.46970321202410925,0.006073090714885176,-0.6905012588693065,16256.0],"res_id": 311,"triangles_poly": [[[1,2,0]],[[1,2,0]],[[1,2,0]],[[1,2,0]],[[2,1,0]],[[1,2,0]],[[1,2,0]],[[1,0,2]],[[1,0,2]],[[1,0,2]],[[1,2,0]],[[0,1,2]],[[1,0,2]],[[2,0,1]],[[2,0,1]],[[1,0,2]],[[1,2,0]],[[2,0,1]],[[1,2,0]],[[1,2,0]],[[0,2,1],[3,1,2]],[[0,2,1]],[[1,0,2]],[[1,0,2]]],"max_bounds": [0.8337224383916991,0.320180056458381,0.7487602044708934,16721.663828488592],"unique_edges": [[0,2],[1,2],[0,1],[1,6],[3,6],[1,3],[2,6],[4,7],[2,7],[2,4],[1,5],[1,7],[5,7],[2,8],[6,8],[7,8],[3,7],[3,8],[9,10],[9,11],[10,11],[10,12],[9,12],[11,12],[0,4],[4,5],[0,5],[3,4],[0,3],[4,6],[6,13],[4,13],[6,14],[13,14],[8,14],[5,8],[5,13],[0,8]],"name": "mine.active","polys": [[0,3,0,1,65535,1,1101119126],[3,3,2,2,65535,1,1095870960],[6,3,3,3,65535,1,3199445717],[9,3,6,4,65535,1,196617],[12,3,8,5,65535,1,131075],[15,3,10,6,65535,1,1095875148],[18,3,11,7,65535,1,0],[21,3,12,8,65535,1,0],[24,3,13,9,65535,1,0],[27,3,21,10,13,1,1065353216],[30,3,18,11,65535,1,3240214167],[33,3,19,12,65535,1,0],[36,3,20,65535,65535,1,3197691760],[39,3,1,14,65535,1,1042296921],[42,3,7,15,65535,1,3013555762],[45,3,9,16,65535,1,3212630311],[48,3,4,17,20,1,1093888716],[51,3,5,65535,18,1,1346978644],[54,3,14,19,65535,1,33554449],[57,3,15,65535,65535,1,0],[60,4,15,21,22,1,1966081],[64,3,14,65535,65535,1,0],[67,3,16,23,65535,1,33554458],[70,3,17,65535,65535,1,0]],"enclosure_point": [0.06828412298771648,0.04356450751506828,-0.14122224765392544,0.8351415274280919],"edges": [0,1,2,3,4,5,1,6,3,7,8,9,10,11,12,13,14,6,8,15,13,16,17,15,11,5,16,18,19,20,18,21,22,20,23,21,19,22,23,24,9,0,25,12,7,26,2,10,27,24,28,4,29,27,30,29,31,32,30,33,34,35,36,33,36,25,31,37,26,35,17,28,37],"vectors": [[-0.35989929045548186,-0.7718776226443885,-0.5240558480201419,0.0],[-0.02504005493247885,-0.9787136644541085,-0.2036469062333105,0.0],[-0.11734187838559551,0.9847867551689937,-0.12813000686655984,0.0],[-0.3553826199740596,0.7783932249942779,-0.5174792095826657,0.0],[0.06807049668116273,-0.8303349355306324,0.5530937666895552,0.0],[0.2777294575417716,0.9115434500648508,0.30327306019684136,0.0],[0.6337987335011825,-0.7718776226443885,-0.04988174258030065,0.0],[0.1889372091248951,-0.9787136644541085,0.08004882887006942,0.0],[-0.27415884641794463,-0.7711299305714504,0.5745937285420004,0.0],[-0.16383611810482945,-0.9786984054322118,0.12358281834134432,0.0],[0.16964980544747083,0.9847867551689937,-0.03759822995345996,0.0],[0.6258487830930037,0.7783932249942779,-0.049256122682536096,0.0],[-0.05226214999618528,0.9847867551689937,0.16577401388570992,0.0],[-0.2708476386663615,0.7774166475928893,0.5676661326009003,0.0],[-0.5130998702983138,-0.8303196765087357,-0.21736476691844053,0.0],[-0.4014648661020829,0.9115434500648508,0.08903639276722362,0.0],[0.444632639047837,-0.8305333028152895,-0.3353780422674907,0.0],[0.12373540856031129,0.911482413977264,-0.39227893492027166,0.0],[-0.6221255817502098,-0.626993209735256,0.46881818875410086,0.0],[0.7170977340352483,-0.626993209735256,0.3043869687953002,0.0],[-0.09491111619745174,-0.626993209735256,-0.7732051575494011,0.0],[0.0,1.0,0.0,0.0]],"points": [[0.308720531013962,0.156069275959411,0.12628366521705958,1.0],[0.8337224383916991,0.04356450751506828,-0.0685435263599603,1.0],[-0.3563591973754482,0.04356450751506828,0.7487602044708934,1.0],[0.5899748226138705,0.006073090714885176,-0.13350118257419696,1.0],[-0.2628366521705958,0.156069275959411,0.19662775616083009,1.0],[-0.03817807278553442,0.156069275959411,-0.3336079957274739,1.0],[-0.17830167086289772,0.006073090714885176,0.5700770580605783,1.0],[-0.46970321202410925,0.04356450751506828,-0.6905012588693065,1.0],[-0.4038910505836576,0.006073090714885176,-0.44698252841992825,0.0],[0.21177996490424963,0.17839322499427787,0.0703746089875639,1.0],[-0.026108186465247596,0.17839322499427787,-0.2453192950331884,1.0],[-0.18057526512550548,0.17839322499427787,0.1185473411154345,1.0],[0.0016784924086366065,0.320180056458381,-0.018768596932936643,1.0],[-0.10153353170061796,0.08824292362859541,0.07495231555657282,1.0],[-0.30980392156862746,0.006073090714885176,-0.022751201647974395,0.0]],"normals": [[0,0,0,1],[1,0,0,1],[2,1,0,1],[3,2,0,1],[4,0,0,1],[5,3,0,1],[6,2,0,1],[7,4,0,1],[8,5,0,1],[9,1,0,1],[10,6,0,1],[11,2,0,1],[12,7,0,1],[13,1,0,1],[14,6,0,1],[15,6,0,1],[16,8,0,1],[17,0,0,1],[18,9,1,1],[19,10,1,1],[20,9,1,1],[21,10,1,1]],"colors": [[1.0,1.0,0.0,1.0],[0.0,0.7559055118110236,0.0,0.0]]}