{"enclosure_radius": 1.0,"triangles_verts_poly": [[0,16,17,14,13,18,12],[0,5,6,3,4,2,12],[1,12,2],[2,7,4],[1,2,7],[4,19,3],[4,7,19],[3,9,6],[3,19,9],[6,11,5],[6,9,11],[5,11,0],[12,20,1],[1,21,7],[1,20,21],[7,8,19],[7,21,8],[10,19,9],[8,19,10],[9,15,11],[9,10,15],[11,15,0],[12,18,20],[13,20,21],[18,20,13],[14,21,8],[13,21,14],[8,17,10],[8,14,17],[10,16,15],[10,17,16],[15,16,0]],"min_bounds": [-1.0,0.0,-1.0,29281.42679484245],"res_id": 463,"triangles_poly": [[[6,0,5],[5,0,1],[1,2,4],[3,4,2],[1,4,5]],[[2,3,4],[2,4,5],[5,1,2],[5,6,0],[1,5,0]],[[2,1,0]],[[0,1,2]],[[1,0,2]],[[0,1,2]],[[0,1,2]],[[0,1,2]],[[0,1,2]],[[0,1,2]],[[0,1,2]],[[0,1,2]],[[0,1,2]],[[0,1,2]],[[0,1,2]],[[0,1,2]],[[0,1,2]],[[1,0,2]],[[1,0,2]],[[0,1,2]],[[0,1,2]],[[0,1,2]],[[0,1,2]],[[1,0,2]],[[1,0,2]],[[1,0,2]],[[1,0,2]],[[0,1,2]],[[0,1,2]],[[0,1,2]],[[0,1,2]],[[0,1,2]]],"max_bounds": [1.0,1.0,0.0,18768.313984893568],"unique_edges": [[0,16],[16,17],[14,17],[13,14],[13,18],[12,18],[0,12],[0,5],[5,6],[3,6],[3,4],[2,4],[2,12],[1,12],[1,2],[2,7],[4,7],[1,7],[4,19],[3,19],[7,19],[3,9],[6,9],[9,19],[6,11],[5,11],[9,11],[0,11],[12,20],[1,20],[1,21],[7,21],[20,21],[7,8],[8,19],[8,21],[10,19],[9,10],[8,10],[9,15],[11,15],[10,15],[0,15],[18,20],[13,20],[13,21],[14,21],[8,14],[8,17],[10,17],[10,16],[15,16]],"name": "Sphere4","polys": [[0,7,0,1,65535,1,1349676899],[7,7,1,65535,2,2,1701604432],[14,3,2,3,65535,1,1701604437],[17,3,3,4,65535,1,1769231471],[20,3,4,5,65535,1,1347638354],[23,3,5,6,65535,1,1157649732],[26,3,6,7,65535,1,1230652672],[29,3,7,8,65535,1,1297105219],[32,3,8,9,65535,1,1950576494],[35,3,9,10,65535,1,1768123251],[38,3,10,11,65535,1,1852075109],[41,3,11,12,65535,1,1684369920],[44,3,12,13,65535,1,1313276013],[47,3,13,14,65535,1,1835165042],[50,3,14,15,65535,1,7038035],[53,3,15,16,65535,1,1165387122],[56,3,16,17,65535,1,1952805463],[59,3,17,18,65535,1,1852075895],[62,3,18,19,65535,1,1702119790],[65,3,19,20,65535,1,1751217229],[68,3,20,21,65535,1,1800233336],[71,3,21,22,65535,1,1598243190],[74,3,22,23,65535,1,1398896229],[77,3,23,24,65535,1,1852011625],[80,3,24,25,65535,1,1835358057],[83,3,25,26,65535,1,1799840109],[86,3,26,27,65535,1,1728080722],[89,3,27,28,65535,1,1701016660],[92,3,28,29,65535,1,1852075895],[95,3,29,30,65535,1,1768842351],[98,3,30,31,65535,1,2035771758],[101,3,31,65535,65535,1,1852206928]],"enclosure_point": [0.0,0.0,0.0,1.0],"edges": [0,1,2,3,4,5,6,7,8,9,10,11,12,6,13,14,12,15,16,11,14,17,15,18,19,10,16,20,18,21,22,9,19,23,21,24,25,8,22,26,24,25,27,7,28,29,13,30,31,17,29,32,30,33,34,20,31,35,33,36,37,23,34,38,36,39,40,26,37,41,39,40,42,27,5,43,28,44,45,32,43,4,44,46,47,35,45,3,46,48,49,38,47,2,48,50,51,41,49,1,50,51,0,42],"vectors": [[0.0,-0.0002746623941405346,-0.9999847409781033,0.0],[0.0,-1.0,0.0,0.0],[0.963607232776379,-0.06915388723582816,0.25824368657969027,0.0],[0.6947585259784848,-0.18609903105210956,0.6947585259784848,0.0],[0.25061417563134203,-0.25049210345616846,0.9351186388952468,0.0],[0.25059891660944533,-0.25049210345616846,0.9351186388952468,0.0],[-0.25059891660944533,-0.25049210345616846,0.9351186388952468,0.0],[-0.25058365758754864,-0.25049210345616846,0.9351186388952468,0.0],[-0.6947432669565881,-0.18609903105210956,0.6947585259784848,0.0],[-0.9635919737544824,-0.06915388723582816,0.25824368657969027,0.0],[0.963607232776379,-0.18899824521248187,0.18907454032196536,0.0],[0.6947585259784848,-0.5084916456855115,0.5086594949263752,0.0],[0.25059891660944533,-0.6844281681544213,0.6846417944609751,0.0],[0.25061417563134203,-0.6844281681544213,0.6846417944609751,0.0],[-0.25058365758754864,-0.6844281681544213,0.6846417944609751,0.0],[-0.25059891660944533,-0.6844281681544213,0.6846417944609751,0.0],[-0.6947432669565881,-0.5084916456855115,0.5086594949263752,0.0],[-0.9635919737544824,-0.18899824521248187,0.18907454032196536,0.0],[0.963607232776379,-0.2581979095140001,0.06924544136720837,0.0],[0.6947585259784848,-0.6946822308690013,0.18632791638056,0.0],[0.25061417563134203,-0.9350270847638666,0.2507820248722057,0.0],[0.25059891660944533,-0.9350270847638666,0.2507820248722057,0.0],[-0.25059891660944533,-0.9350270847638666,0.2507820248722057,0.0],[-0.25058365758754864,-0.9350270847638666,0.2507820248722057,0.0],[-0.6947432669565881,-0.6946822308690013,0.18632791638056,0.0],[-0.9635919737544824,-0.2581979095140001,0.06924544136720837,0.0]],"points": [[1.0,0.0,0.0,1.0],[-0.8659952697032121,0.24995803768978408,-0.4330205233844511,0.0],[-0.8659952697032121,0.0,-0.49999237048905165,1.0],[0.0,0.0,-1.0,1.0],[-0.49999237048905165,0.0,-0.8659952697032121,1.0],[0.8660105287251088,0.0,-0.49999237048905165,1.0],[0.5000076295109483,0.0,-0.8659952697032121,1.0],[-0.49999237048905165,0.4329289692530709,-0.7500114442664225,0.0],[0.0,0.8659342336156253,-0.5001602197299153,0.0],[0.5000076295109483,0.4329289692530709,-0.7500114442664225,0.0],[0.5000076295109483,0.749889372091249,-0.43312733653772795,0.0],[0.8660105287251088,0.24995803768978408,-0.4330205233844511,0.0],[-1.0,0.0,0.0,1.0],[-0.49999237048905165,0.8660105287251088,-0.0002288853284504455,1.0],[0.0,1.0,-0.0002746623941405346,1.0],[0.8660105287251088,0.4329594872968643,-0.25006485084306096,0.0],[0.8660105287251088,0.5000076295109483,-0.00012207217517357094,1.0],[0.5000076295109483,0.8660105287251088,-0.0002288853284504455,1.0],[-0.8659952697032121,0.5000076295109483,-0.00012207217517357094,1.0],[0.0,0.49991607537956817,-0.8660715648126955,0.0],[-0.8659952697032121,0.4329594872968643,-0.25006485084306096,0.0],[-0.49999237048905165,0.749889372091249,-0.43312733653772795,0.0]],"normals": [[0,0,0,1],[1,0,0,2],[2,1,0,1],[3,2,0,1],[3,2,0,1],[4,3,0,1],[5,4,0,1],[6,3,0,1],[7,3,0,1],[8,5,0,1],[8,6,0,1],[9,5,0,1],[10,1,0,1],[11,1,0,1],[11,1,0,1],[12,7,0,1],[13,8,0,1],[14,9,0,1],[15,8,0,1],[16,9,0,1],[16,10,0,1],[17,11,0,1],[18,12,0,1],[19,13,0,1],[19,13,0,1],[20,14,0,1],[21,14,0,1],[22,8,0,1],[23,8,0,1],[24,15,0,1],[24,16,0,1],[25,0,0,1]],"colors": [[1.0,1.0,0.0,1.0]]}