{"enclosure_radius": 1.0,"triangles_verts_poly": [[0,22,25],[0,1,25],[2,23,22],[2,22,0],[2,3,0],[0,3,1],[4,24,23],[4,23,2],[4,5,2],[2,5,3],[6,24,4],[4,6,5],[1,7,25],[3,8,1],[1,8,7],[5,9,3],[3,9,8],[5,6,9],[7,10,25],[8,11,7],[7,11,10],[9,12,8],[8,12,11],[6,9,12],[10,13,25],[11,14,10],[10,14,13],[12,15,11],[11,15,14],[6,12,15],[13,16,25],[14,17,13],[13,17,16],[15,18,14],[14,18,17],[6,15,18],[16,19,25],[17,20,16],[16,20,19],[18,21,17],[17,21,20],[6,18,21],[19,22,25],[20,23,19],[19,23,22],[21,24,20],[20,24,23],[6,21,24]],"min_bounds": [-1.0,0.0,-1.0,2295.1018081940947],"res_id": 465,"triangles_poly": [[[1,2,0]],[[0,2,1]],[[2,0,1]],[[1,2,0]],[[2,1,0]],[[0,2,1]],[[2,0,1]],[[1,2,0]],[[2,1,0]],[[0,2,1]],[[1,2,0]],[[0,2,1]],[[2,1,0]],[[0,2,1]],[[0,2,1]],[[0,2,1]],[[1,0,2]],[[1,0,2]],[[2,1,0]],[[1,0,2]],[[2,1,0]],[[1,0,2]],[[2,1,0]],[[0,1,2]],[[1,0,2]],[[1,0,2]],[[2,1,0]],[[1,0,2]],[[2,1,0]],[[0,1,2]],[[1,0,2]],[[1,0,2]],[[2,1,0]],[[1,0,2]],[[2,1,0]],[[2,0,1]],[[1,0,2]],[[1,0,2]],[[2,1,0]],[[1,0,2]],[[2,1,0]],[[1,2,0]],[[0,2,1]],[[2,1,0]],[[0,2,1]],[[2,1,0]],[[0,2,1]],[[1,2,0]]],"max_bounds": [1.0,1.0,1.0,2295.1018081940947],"unique_edges": [[0,22],[22,25],[0,25],[0,1],[1,25],[2,23],[22,23],[2,22],[0,2],[2,3],[0,3],[1,3],[4,24],[23,24],[4,23],[2,4],[4,5],[2,5],[3,5],[6,24],[4,6],[5,6],[1,7],[7,25],[3,8],[1,8],[7,8],[5,9],[3,9],[8,9],[6,9],[7,10],[10,25],[8,11],[7,11],[10,11],[9,12],[8,12],[11,12],[6,12],[10,13],[13,25],[11,14],[10,14],[13,14],[12,15],[11,15],[14,15],[6,15],[13,16],[16,25],[14,17],[13,17],[16,17],[15,18],[14,18],[17,18],[6,18],[16,19],[19,25],[17,20],[16,20],[19,20],[18,21],[17,21],[20,21],[6,21],[19,22],[20,23],[19,23],[21,24],[20,24]],"name": "sphere2","polys": [[0,3,0,1,65535,1,737676188],[3,3,1,2,65535,1,19998496],[6,3,2,3,65535,1,19736576],[9,3,3,4,65535,1,1554709442],[12,3,4,5,65535,1,2274889558],[15,3,5,6,65535,1,2740257854],[18,3,6,7,65535,1,0],[21,3,7,8,65535,1,3449992610],[24,3,8,9,65535,1,0],[27,3,9,10,65535,1,3375225819],[30,3,10,11,65535,1,3596502534],[33,3,11,12,65535,1,102039556],[36,3,12,13,65535,1,318713032],[39,3,13,14,65535,1,196019455],[42,3,14,15,65535,1,68529],[45,3,15,16,65535,1,252777215],[48,3,16,17,65535,1,592824],[51,3,17,18,65535,1,207814657],[54,3,18,19,65535,1,196873314],[57,3,19,20,65535,1,197004387],[60,3,20,21,65535,1,603982784],[63,3,21,22,65535,1,603982786],[66,3,22,23,65535,1,196149270],[69,3,23,24,65535,1,65557],[72,3,24,25,65535,1,1379249],[75,3,25,26,65535,1,1441814],[78,3,26,27,65535,1,19998496],[81,3,27,28,65535,1,19736576],[84,3,28,29,65535,1,857221588],[87,3,29,30,65535,1,657790652],[90,3,30,31,65535,1,804784392],[93,3,31,32,65535,1,165946624],[96,3,32,33,65535,1,698023936],[99,3,33,34,65535,1,154546968],[102,3,34,35,65535,1,698165662],[105,3,35,36,65535,1,939786282],[108,3,36,37,65535,1,19998496],[111,3,37,38,65535,1,19991456],[114,3,38,39,65535,1,100794398],[117,3,39,40,65535,1,620759560],[120,3,40,41,65535,1,252847360],[123,3,41,42,65535,1,699138048],[126,3,42,43,65535,1,738268802],[129,3,43,44,65535,1,808323319],[132,3,44,45,65535,1,857221552],[135,3,45,46,65535,1,699924480],[138,3,46,47,65535,1,738333961],[141,3,47,65535,65535,1,818219489]],"enclosure_point": [0.00015259021896696422,0.0,0.0,1.0],"edges": [0,1,2,3,2,4,5,6,7,7,0,8,9,8,10,10,3,11,12,13,14,14,5,15,16,15,17,17,9,18,19,12,20,20,16,21,22,4,23,24,11,25,25,22,26,27,18,28,28,24,29,21,27,30,31,23,32,33,26,34,34,31,35,36,29,37,37,33,38,30,36,39,40,32,41,42,35,43,43,40,44,45,38,46,46,42,47,39,45,48,49,41,50,51,44,52,52,49,53,54,47,55,55,51,56,48,54,57,58,50,59,60,53,61,61,58,62,63,56,64,64,60,65,57,63,66,67,59,1,68,62,69,69,67,6,70,65,71,71,68,13,66,70,19],"vectors": [[0.0,1.0,0.0,0.0],[0.8966201266498818,-0.2402685587853819,-0.3719233997100786,0.0],[0.370595864805066,-0.24032959487296868,-0.8971389333943695,0.0],[0.6785229266803998,-0.6785076676585031,-0.2814526588845655,0.0],[0.28043030441748684,-0.6785992217898833,-0.6788433661402304,0.0],[0.2573739223315785,-0.9603875791561761,-0.10675211718928812,0.0],[0.10635538261997406,-0.9604028381780728,-0.2574654764629587,0.0],[-0.37218280308232243,-0.24032959487296868,-0.8964827954528115,0.0],[-0.28162050812542916,-0.6785992217898833,-0.6783398184176395,0.0],[-0.10679789425497821,-0.9604028381780728,-0.25728236820019834,0.0],[-0.8970321202410926,-0.24032959487296868,-0.37085526817730985,0.0],[-0.678767071030747,-0.6785992217898833,-0.2806134126802472,0.0],[-0.2574349584191653,-0.9604028381780728,-0.1064164187075608,0.0],[-0.8965896086060884,-0.24032959487296868,0.3719233997100786,0.0],[-0.6784313725490196,-0.6785992217898833,0.2814373998626688,0.0],[-0.6784313725490196,-0.6785992217898833,0.2814221408407721,0.0],[-0.25731288624399173,-0.9604028381780728,0.10673685816739147,0.0],[-0.3711146715495537,-0.24032959487296868,0.8969405661097124,0.0],[-0.28081177996490425,-0.6785992217898833,0.6786907759212635,0.0],[-0.10649271381704428,-0.9604028381780728,0.2574196993972686,0.0],[0.37166399633783476,-0.24032959487296868,0.8967269398031587,0.0],[0.28122377355611505,-0.6785992217898833,0.6785229266803998,0.0],[0.10666056305790798,-0.9604028381780728,0.2573586633096818,0.0],[0.8968337529564355,-0.24032959487296868,0.3714045929655909,0.0],[0.8968337529564355,-0.24032959487296868,0.3713893339436942,0.0],[0.67861448081178,-0.6785992217898833,0.281025406271458,0.0],[0.2573891813534752,-0.9604028381780728,0.1065842679484245,0.0]],"points": [[-0.706355382619974,0.0,0.7078507667658503,1.0],[0.0008850232700083925,0.0,1.0,1.0],[-0.6117036697947662,0.5000076295109483,0.6129854276340887,0.0],[0.0007629510948348211,0.5000076295109483,0.8660105287251088,1.0],[-0.35317006179903865,0.8660105287251088,0.3539177538719768,0.0],[0.00044251163500419623,0.8660105287251088,0.5000076295109483,0.0],[0.0,1.0,0.0,0.0],[0.7076371404592966,0.0,0.7065842679484245,1.0],[0.6128023193713283,0.5000076295109483,0.6119020370794233,1.0],[0.35381094071869995,0.8660105287251088,0.3532921339742123,0.0],[1.0,0.0,-0.0005645838101777656,1.0],[0.8660105287251088,0.5000076295109483,-0.0004882887006942838,1.0],[0.5000076295109483,0.8660105287251088,-0.0002746623941405346,0.0],[0.7067978942549783,0.0,-0.707408255130846,1.0],[0.6120851453421836,0.5000076295109483,-0.612619211108568,0.0],[0.35339894712748915,0.8660105287251088,-0.3536888685435263,0.0],[-0.0002746623941405346,0.0,-1.0,1.0],[-0.0002288853284504455,0.5000076295109483,-0.8659952697032121,0.0],[-0.00012207217517357094,0.8660105287251088,-0.49999237048905165,0.0],[-0.7071946288242923,0.0,-0.7069962615396352,1.0],[-0.6124361028458076,0.5000076295109483,-0.6122529945830473,0.0],[-0.35358205539024945,0.8660105287251088,-0.35349050125886927,0.0],[-1.0,0.0,0.0,1.0],[-0.8659952697032121,0.5000076295109483,0.0,0.0],[-0.49999237048905165,0.8660105287251088,0.0,0.0],[0.0,0.0,0.0,1.0]],"normals": [[0,0,0,1],[0,1,0,1],[1,2,0,1],[1,2,0,1],[2,3,0,1],[2,3,0,1],[3,4,0,1],[3,4,0,1],[4,2,0,1],[4,5,0,1],[5,4,0,1],[6,6,0,1],[0,7,0,1],[7,1,0,1],[7,8,0,1],[8,9,0,1],[8,3,0,1],[9,6,0,1],[0,10,0,1],[10,11,0,1],[10,11,0,1],[11,12,0,1],[11,11,0,1],[12,6,0,1],[0,13,0,1],[13,14,0,1],[13,13,0,1],[14,12,0,1],[15,15,0,1],[16,15,0,1],[0,16,0,1],[17,17,0,1],[17,13,0,1],[18,18,0,1],[18,14,0,1],[19,18,0,1],[0,19,0,1],[20,20,0,1],[20,16,0,1],[21,21,0,1],[21,21,0,1],[22,21,0,1],[0,22,0,1],[23,23,0,1],[24,23,0,1],[25,24,0,1],[25,23,0,1],[26,21,0,1]],"colors": [[1.0,1.0,0.0,1.0]]}