{"enclosure_radius": 0.7821011673151751,"triangles_verts_poly": [[0,22,23],[3,24,25],[3,25,26],[15,18,27],[18,27,19],[13,28,14],[12,29,9],[11,12,29],[7,9,30],[2,5,26],[5,26,25],[31,32,33],[4,25,24],[4,5,25],[1,24,3],[1,4,24],[1,2,3],[2,3,26],[34,35,36,37],[38,39,35,37],[39,40,41,36],[31,32,41,34],[42,43,44],[42,45,43],[42,44,45],[16,17,18],[46,47,48,49],[16,18,19],[15,17,18],[17,20,15],[20,27,15],[20,21,27],[16,21,19],[19,21,27],[50,51,52,53],[54,55,51,53],[55,56,57,52],[6,58,59],[46,47,57,50],[6,59,60],[6,60,58],[11,61,7],[7,11,8],[32,59,60,62,33],[47,63,64],[9,65,29,66],[67,68,69,70],[29,66,71],[67,68,72,73],[9,74,65],[47,63,49,72,73],[8,11,10],[10,11,66,71],[43,68,44,75,70,76],[68,77,78,79],[66,80,81],[75,79,82],[10,83,65,84],[68,85,73],[78,79,86,87],[10,88,89,90],[82,91,79,92],[83,88,90],[79,93,92,94],[93,95,94],[32,59,96,97,86,87],[10,98,99],[91,100,92],[64,101,63,100,92],[65,98,80,99,81],[45,63,43,85,73],[44,95,45,63,92],[30,83,74,84],[38,102,79,103,104,87],[8,105,106],[8,106,89,90],[7,105,30,106],[30,106,83,90],[62,68,79,107,108],[109,110,103,107,108],[96,104,87],[111,112,75,113,76],[58,78,97],[54,114,75,113,101],[60,77,58,78],[22,109,103],[13,111,113],[13,114,113],[22,102,103],[23,40,31],[7,12,9],[12,61,7],[0,23,31,62],[0,110,62],[112,115,69],[46,116,48],[56,117,46,116],[28,115,67],[14,28,116,67],[14,117,116]],"min_bounds": [-0.4139772640573739,-0.11398489356832231,-0.6349889372091249,0.0],"polys": [[0,3,0,65535,1,3,0],[3,3,5,2,65535,1,0],[6,3,6,3,65535,1,0],[9,3,33,4,65535,1,0],[12,3,34,5,65535,1,0],[15,3,39,6,65535,1,0],[18,3,21,7,97,1,0],[21,3,25,8,94,1,0],[24,3,13,9,89,1,0],[27,3,8,10,25,1,0],[30,3,10,11,65535,1,0],[33,3,12,65535,12,2,0],[36,3,7,13,21,1,0],[39,3,9,14,65535,1,0],[42,3,1,15,20,1,0],[45,3,3,16,65535,1,0],[48,3,2,17,19,1,0],[51,3,4,18,65535,1,0],[54,4,11,65535,65535,0,0],[58,4,11,65535,65535,2,0],[62,4,11,65535,65535,2,0],[66,4,11,65535,22,2,0],[70,3,24,23,65535,0,0],[73,3,27,24,65535,0,0],[76,3,28,65535,65535,0,0],[79,3,30,26,41,1,0],[82,4,27,27,65535,1,0],[86,3,32,28,65535,1,0],[89,3,29,29,37,1,0],[92,3,31,30,65535,1,0],[95,3,35,31,36,1,0],[98,3,37,32,65535,1,0],[101,3,36,33,35,1,0],[104,3,38,34,65535,1,0],[107,4,28,65535,65535,0,0],[111,4,28,65535,65535,1,0],[115,4,28,65535,65535,1,0],[119,3,11,38,39,0,0],[122,4,28,65535,65535,1,0],[126,3,12,65535,40,0,0],[129,3,15,65535,65535,0,0],[132,3,19,42,85,1,0],[135,3,20,43,65535,1,0],[138,5,12,44,51,2,0],[143,3,28,45,65535,1,0],[146,4,23,46,49,1,0],[150,4,24,47,65535,0,0],[154,3,26,48,65535,0,0],[157,4,27,65535,65535,0,0],[161,3,17,65535,50,1,0],[164,5,27,65535,65535,1,0],[169,3,22,52,81,1,0],[172,4,26,53,65535,1,0],[176,6,24,54,72,0,0],[182,4,15,55,57,0,0],[186,3,23,56,65535,0,0],[189,3,28,65535,65535,0,0],[192,4,17,58,65,1,0],[196,3,27,59,65535,0,0],[199,4,11,60,62,2,0],[203,4,18,61,65535,1,0],[207,4,28,65535,65535,0,0],[211,3,18,63,64,0,0],[214,4,28,65535,65535,0,0],[218,3,28,65535,65535,0,0],[221,6,11,66,69,2,0],[227,3,23,67,68,1,0],[230,3,28,65535,65535,0,0],[233,5,28,65535,65535,1,0],[238,5,23,65535,70,0,0],[243,5,27,71,65535,0,0],[248,5,28,65535,65535,0,0],[253,4,17,73,80,0,0],[257,6,11,74,76,2,0],[263,3,14,75,65535,1,0],[266,4,18,65535,65535,1,0],[270,4,14,77,79,1,0],[274,4,18,78,65535,1,0],[278,5,15,65535,65535,0,0],[283,5,15,65535,65535,2,0],[288,3,11,65535,65535,2,0],[291,5,24,82,65535,1,0],[296,3,11,83,84,0,0],[299,5,28,65535,65535,1,0],[304,4,15,65535,65535,0,0],[308,3,15,86,88,2,0],[311,3,24,87,65535,1,0],[314,3,28,65535,65535,1,0],[317,3,11,65535,65535,2,0],[320,3,11,65535,90,2,0],[323,3,16,91,92,1,0],[326,3,19,65535,65535,0,0],[329,4,12,65535,93,2,0],[333,3,15,65535,65535,2,0],[336,3,24,95,65535,1,0],[339,3,27,96,65535,0,0],[342,4,28,65535,65535,0,0],[346,3,24,98,65535,1,0],[349,4,27,99,65535,1,0],[353,3,28,65535,65535,1,0]],"edges": [0,1,2,3,4,5,5,6,7,8,9,10,10,11,12,13,14,15,16,17,18,19,20,16,21,22,23,24,25,26,26,6,27,28,29,30,31,4,32,33,27,31,34,3,35,36,32,34,37,35,38,38,7,25,39,40,41,42,43,44,45,42,46,47,48,49,28,50,51,52,53,54,55,56,53,57,54,56,58,59,60,61,62,63,64,65,61,12,66,67,8,60,68,69,67,70,9,69,71,72,70,73,66,74,74,11,72,75,76,77,78,79,80,81,78,82,83,84,85,86,87,88,62,89,90,91,87,92,93,92,86,94,95,96,97,96,98,99,100,101,102,30,93,103,104,105,106,17,107,108,109,110,111,112,107,113,114,109,115,116,117,118,106,119,103,120,65,121,117,99,122,123,123,124,125,114,126,127,128,55,112,129,130,131,132,133,134,135,136,137,138,139,140,141,142,143,144,116,145,131,146,147,148,149,150,151,152,153,139,154,155,156,157,152,158,159,155,160,161,162,160,100,163,164,165,166,148,167,168,169,170,154,171,172,105,173,174,171,175,176,177,136,169,178,179,57,121,145,180,178,58,181,174,182,183,184,143,185,186,187,188,147,189,190,191,192,191,193,151,194,195,23,196,192,196,182,157,194,197,198,199,133,200,201,202,203,204,200,205,166,189,206,207,208,209,129,210,211,212,213,207,214,215,216,217,210,94,132,218,219,204,220,221,209,222,221,215,223,219,188,224,225,226,227,18,21,228,227,97,2,225,229,230,231,229,232,233,234,235,236,237,64,238,236,239,240,241,242,243,15,244,242,245,246,244,239],