{"enclosure_radius": 0.9309834439612421,"triangles_verts_poly": [[0,6,1],[1,6,21],[2,10,3],[3,10,22],[0,6,19],[1,8,21],[2,10,20],[3,12,22],[14,23,17],[4,16,5],[14,17,18],[5,16,15],[0,19,7],[8,21,9],[2,20,11],[12,22,13],[8,19,7],[9,19,8],[12,20,11],[13,20,12],[9,21,6],[6,9,19],[4,24,5,25],[5,25,26],[5,15,26,27],[15,27,28],[4,24,29],[4,29,16,30],[15,31,28],[15,31,16,30],[32,33,34],[32,33,35],[36,37,35,33],[7,38,33,34],[7,33,36],[8,39,37,32],[0,38,1,32],[1,32,39],[17,24,25],[17,25,23,26],[23,26,27],[23,27,14,28],[17,24,18,29],[18,29,30],[40,41,42],[40,41,43,44],[14,18,45,46],[18,45,41],[47,48,49],[47,48,50],[51,52,48,50],[31,45,28,46],[31,45,30,41],[11,53,41,42],[11,41,44],[20,54,51,47],[13,55,48,49],[12,56,43,40],[13,48,52],[2,53,3,40],[22,55,10,47],[3,40,56],[10,47,54]],"min_bounds": [-0.5999847409781033,0.0,-0.5999847409781033,0.0],"polys": [[0,3,0,1,65535,1,0],[3,3,1,2,65535,1,0],[6,3,2,3,65535,1,0],[9,3,3,4,65535,1,0],[12,3,6,5,65535,1,0],[15,3,8,6,65535,1,0],[18,3,10,7,65535,1,0],[21,3,12,8,65535,1,0],[24,3,14,9,65535,1,0],[27,3,16,10,65535,1,0],[30,3,18,11,65535,1,0],[33,3,20,12,65535,1,0],[36,3,22,13,65535,1,0],[39,3,24,14,65535,1,0],[42,3,26,15,65535,1,0],[45,3,28,16,65535,1,0],[48,3,32,17,65535,1,0],[51,3,33,18,65535,1,0],[54,3,34,19,65535,1,0],[57,3,35,20,65535,1,0],[60,3,9,21,38,1,0],[63,3,25,22,65535,1,0],[66,4,4,23,36,1,0],[70,3,5,24,65535,1,0],[73,4,15,25,35,1,0],[77,3,19,26,65535,1,0],[80,3,17,27,33,1,0],[83,4,21,28,65535,1,0],[87,3,30,29,32,1,0],[90,4,31,30,65535,1,0],[94,3,7,31,65535,0,0],[97,3,23,65535,65535,0,0],[100,4,23,65535,65535,1,0],[104,4,7,34,65535,1,0],[108,3,23,65535,65535,1,0],[111,4,23,65535,65535,1,0],[115,4,7,37,65535,1,0],[119,3,23,65535,65535,1,0],[122,3,4,39,59,1,0],[125,4,5,40,65535,1,0],[129,3,15,41,56,1,0],[132,4,19,42,65535,1,0],[136,4,17,43,53,1,0],[140,3,21,44,65535,1,0],[143,3,11,45,51,0,0],[146,4,27,46,65535,1,0],[150,4,30,47,50,1,0],[154,3,31,48,65535,1,0],[157,3,13,49,65535,0,0],[160,3,29,65535,65535,0,0],[163,4,29,65535,65535,1,0],[167,4,30,52,65535,1,0],[171,4,31,65535,65535,1,0],[175,4,11,54,65535,1,0],[179,3,27,55,65535,1,0],[182,4,29,65535,65535,1,0],[186,4,13,57,65535,1,0],[190,4,27,58,65535,1,0],[194,3,29,65535,65535,1,0],[197,4,11,60,65535,1,0],[201,4,13,61,65535,1,0],[205,3,27,62,65535,1,0],[208,3,29,65535,65535,1,0]],"edges": [0,1,2,1,3,4,5,6,7,6,8,9,0,10,11,12,4,13,5,14,15,16,9,17,18,19,20,21,22,23,20,24,25,23,26,27,10,28,29,13,30,31,14,32,33,17,34,35,36,29,37,38,36,31,39,33,40,41,39,35,30,3,42,42,11,38,43,44,22,45,44,46,47,26,46,48,49,48,50,51,43,52,53,52,21,54,55,56,50,57,56,54,27,58,59,60,61,59,62,63,64,65,66,63,67,68,69,61,68,70,66,71,72,73,74,75,2,76,77,76,78,73,79,80,45,80,19,81,47,81,82,49,82,18,83,51,79,84,24,53,84,85,55,86,87,88,86,89,90,91,25,92,93,94,92,95,96,97,98,99,97,100,101,102,103,104,101,105,106,57,94,105,107,58,96,108,109,110,88,109,111,91,112,113,114,115,116,117,118,99,119,120,121,90,117,122,103,123,7,124,125,126,8,127,128,124,129,121,127,130,114],"points": [[-0.5999847409781033,0.8500038147554742,-0.5999847409781033,1.0],[-0.5999847409781033,0.8500038147554742,0.6,1.0],[-0.5999847409781033,0.2500038147554742,-0.5999847409781033,1.0],[-0.5999847409781033,0.2500038147554742,0.6,1.0],[-0.49999237048905165,1.0,-0.49999237048905165,1.0],[-0.49999237048905165,1.0,0.5000076295109483,1.0],[-0.5999847409781033,0.7500114442664225,-0.5999847409781033,1.0],[0.6,0.8500038147554742,-0.5999847409781033,1.0],[0.6,0.8500038147554742,0.6,1.0],[0.6,0.7500114442664225,0.6,1.0],[-0.5999847409781033,0.14999618524452582,-0.5999847409781033,1.0],[0.6,0.2500038147554742,-0.5999847409781033,1.0],[0.6,0.2500038147554742,0.6,1.0],[0.6,0.14999618524452582,0.6,1.0],[0.5000076295109483,0.0,0.5000076295109483,1.0],[0.5000076295109483,1.0,0.5000076295109483,1.0],[0.5000076295109483,1.0,-0.49999237048905165,1.0],[-0.49999237048905165,0.0,-0.49999237048905165,1.0],[0.5000076295109483,0.0,-0.49999237048905165,0.0],[0.6,0.7500114442664225,-0.5999847409781033,0.0],[0.6,0.14999618524452582,-0.5999847409781033,0.0],[-0.5999847409781033,0.7500114442664225,0.6,1.0],[-0.5999847409781033,0.14999618524452582,0.6,1.0],[-0.49999237048905165,0.0,0.5000076295109483,1.0],[-0.49999237048905165,0.7500114442664225,-0.49999237048905165,1.0],[-0.49999237048905165,0.7500114442664225,0.2500038147554742,1.0],[-0.49999237048905165,0.7500114442664225,0.5000076295109483,1.0],[0.2500038147554742,0.7500114442664225,0.5000076295109483,1.0],[0.5000076295109483,0.7500114442664225,0.5000076295109483,1.0],[-0.24998855573357748,0.7500114442664225,-0.49999237048905165,0.0],[0.5000076295109483,0.7500114442664225,-0.49999237048905165,0.0],[0.5000076295109483,0.7500114442664225,0.2500038147554742,0.0],[-0.49999237048905165,0.8500038147554742,0.5000076295109483,1.0],[0.5000076295109483,0.8500038147554742,-0.49999237048905165,1.0],[-0.49999237048905165,0.8500038147554742,-0.49999237048905165,1.0],[0.5000076295109483,0.8500038147554742,0.5000076295109483,1.0],[0.6,0.8500038147554742,-0.49999237048905165,1.0],[0.6,0.8500038147554742,0.5000076295109483,1.0],[-0.49999237048905165,0.8500038147554742,-0.5999847409781033,1.0],[-0.49999237048905165,0.8500038147554742,0.6,1.0],[-0.49999237048905165,0.2500038147554742,0.5000076295109483,1.0],[0.5000076295109483,0.2500038147554742,-0.49999237048905165,1.0],[-0.49999237048905165,0.2500038147554742,-0.49999237048905165,1.0],[0.6,0.2500038147554742,0.5000076295109483,1.0],[0.6,0.2500038147554742,-0.49999237048905165,1.0],[0.5000076295109483,0.2500038147554742,-0.24998855573357748,0.0],[0.5000076295109483,0.2500038147554742,0.5000076295109483,0.0],[-0.49999237048905165,0.14999618524452582,-0.49999237048905165,0.0],[0.5000076295109483,0.14999618524452582,0.5000076295109483,0.0],[-0.49999237048905165,0.14999618524452582,0.5000076295109483,0.0],[0.5000076295109483,0.14999618524452582,-0.49999237048905165,0.0],[0.6,0.14999618524452582,-0.49999237048905165,0.0],[0.6,0.14999618524452582,0.5000076295109483,0.0],[-0.49999237048905165,0.2500038147554742,-0.5999847409781033,1.0],[-0.49999237048905165,0.14999618524452582,-0.5999847409781033,0.0],[-0.49999237048905165,0.14999618524452582,0.6,0.0],[-0.49999237048905165,0.2500038147554742,0.6,1.0]],"colors": [[0.5039370078740157,0.5039370078740157,0.0,0.5039370078740157],[1.0,1.0,0.0,1.0]],"normals": [[0,0,0,1],[0,1,0,1],[0,2,0,1],[0,3,0,1],[0,4,1,1],[0,5,1,1],[1,6,0,1],[2,7,0,1],[3,8,0,1],[4,9,0,1],[1,10,0,1],[2,11,0,1],[3,12,0,1],[4,13,0,1],[4,14,1,1],[3,15,1,1],[2,16,1,1],[1,17,1,1],[4,14,1,1],[3,15,1,1],[2,16,1,1],[1,18,1,1],[1,19,0,1],[2,7,0,1],[3,8,0,1],[4,9,0,1],[1,20,0,1],[2,11,0,1],[3,12,0,1],[4,13,0,1],[5,14,1,1],[5,15,1,1],[5,8,0,1],[5,9,0,1],[5,12,0,1],[5,13,0,1]],"res_id": 5495,"enclosure_point": [-0.00563057907988096,0.5180132753490502,-0.003692683299000521,1.224734874494545],"unique_edges": [[0,6],[1,6],[0,1],[6,21],[1,21],[2,10],[3,10],[2,3],[10,22],[3,22],[0,19],[6,19],[1,8],[8,21],[2,20],[10,20],[3,12],[12,22],[14,23],[17,23],[14,17],[4,16],[4,5],[5,16],[17,18],[14,18],[5,15],[15,16],[0,7],[7,19],[9,21],[8,9],[2,11],[11,20],[13,22],[12,13],[8,19],[7,8],[9,19],[12,20],[11,12],[13,20],[6,9],[4,24],[5,25],[24,25],[5,26],[25,26],[15,27],[26,27],[15,28],[27,28],[4,29],[24,29],[16,30],[29,30],[15,31],[28,31],[30,31],[32,33],[32,34],[33,34],[32,35],[33,35],[36,37],[35,37],[33,36],[7,38],[7,33],[34,38],[7,36],[8,39],[8,37],[32,39],[32,37],[0,38],[1,32],[32,38],[1,39],[17,24],[17,25],[23,26],[23,27],[14,28],[18,29],[18,30],[40,41],[40,42],[41,42],[43,44],[40,43],[41,44],[18,45],[14,46],[45,46],[18,41],[41,45],[47,48],[47,49],[48,49],[47,50],[48,50],[51,52],[48,52],[50,51],[31,45],[28,46],[30,41],[11,53],[11,41],[42,53],[11,44],[20,54],[20,51],[47,54],[47,51],[13,55],[13,48],[49,55],[12,56],[12,43],[40,56],[13,52],[2,53],[3,40],[40,53],[22,55],[10,47],[47,55],[3,56],[10,54]],"vectors": [[1.0,0.0,0.0,0.0],[0.0,0.0,1.0,0.0],[0.0,-1.0,0.0,0.0],[0.0,0.0,-1.0,0.0],[0.0,1.0,0.0,0.0],[-1.0,0.0,0.0,0.0]],"name": "Colored Crate",