{"enclosure_radius": 0.523247119859617,"triangles_verts_poly": [[2,3,1],[1,23,3],[7,24,5],[4,5,7],[14,25,13],[13,26,14],[17,18,16],[15,16,18],[19,27,22],[6,7,24],[4,6,7],[5,6,4],[6,24,5],[20,27,19],[21,27,20],[22,27,21],[21,22,20],[19,20,22],[0,1,23],[0,23,3],[0,2,1],[0,3,2],[9,28,8],[8,28,11],[10,28,9],[11,28,10],[10,11,9],[8,9,11],[12,13,26],[12,26,14],[12,25,13],[12,14,25],[15,29,18],[16,29,15],[17,29,16],[18,29,17]],"min_bounds": [-0.2506752117189288,-0.24998855573357748,-0.24998855573357748,2.0000152590218967],"res_id": 560,"triangles_poly": [[[1,0,2]],[[2,0,1]],[[2,0,1]],[[1,0,2]],[[2,0,1]],[[0,1,2]],[[1,0,2]],[[2,1,0]],[[2,0,1]],[[0,2,1]],[[1,2,0]],[[0,1,2]],[[2,1,0]],[[1,2,0]],[[1,2,0]],[[0,1,2]],[[1,0,2]],[[2,1,0]],[[2,1,0]],[[1,0,2]],[[2,1,0]],[[1,0,2]],[[2,0,1]],[[0,1,2]],[[1,2,0]],[[1,2,0]],[[1,0,2]],[[2,1,0]],[[1,0,2]],[[1,0,2]],[[2,1,0]],[[2,1,0]],[[0,1,2]],[[2,0,1]],[[2,0,1]],[[0,1,2]]],"max_bounds": [0.2500038147554742,0.2500038147554742,0.2500038147554742,4.000015259021897],"unique_edges": [[2,3],[1,2],[1,3],[1,23],[3,23],[7,24],[5,24],[5,7],[4,5],[4,7],[14,25],[13,25],[13,14],[13,26],[14,26],[17,18],[16,17],[16,18],[15,16],[15,18],[19,27],[22,27],[19,22],[6,7],[6,24],[4,6],[5,6],[20,27],[19,20],[21,27],[20,21],[21,22],[20,22],[0,1],[0,23],[0,3],[0,2],[9,28],[8,28],[8,9],[11,28],[8,11],[10,28],[9,10],[10,11],[9,11],[12,13],[12,26],[12,14],[12,25],[15,29],[18,29],[16,29],[17,29]],"name": "switchOff","polys": [[0,3,4,1,65535,1,65536],[3,3,5,2,65535,1,65536],[6,3,10,3,65535,1,65536],[9,3,11,4,65535,1,65536],[12,3,22,5,65535,1,65536],[15,3,23,6,65535,1,65536],[18,3,28,7,65535,1,65536],[21,3,29,8,65535,1,65536],[24,3,30,9,18,1,65536],[27,3,9,10,13,1,65536],[30,3,6,11,65535,1,65536],[33,3,7,12,65535,1,65536],[36,3,8,65535,65535,1,65536],[39,3,31,14,65535,1,65536],[42,3,32,15,65535,1,327686],[45,3,33,16,65535,1,786445],[48,3,34,17,65535,1,1245192],[51,3,35,65535,65535,1,1310741],[54,3,1,19,22,1,1638416],[57,3,0,20,65535,1,1114139],[60,3,2,21,65535,1,2031646],[63,3,3,65535,65535,1,2228259],[66,3,13,23,28,1,2424871],[69,3,12,24,65535,1,2687018],[72,3,14,25,65535,1,852010],[75,3,15,26,65535,1,2949169],[78,3,16,27,65535,1,3407923],[81,3,17,65535,65535,1,0],[84,3,19,29,32,1,0],[87,3,18,30,65535,1,0],[90,3,20,31,65535,1,0],[93,3,21,65535,65535,1,0],[96,3,24,33,65535,1,0],[99,3,25,34,65535,1,0],[102,3,26,35,65535,1,0],[105,3,27,65535,65535,1,65536]],"enclosure_point": [0.0029144731822690166,-0.03752193484397648,-0.10653849088273437,0.4330052643625544],"edges": [0,1,2,3,4,2,5,6,7,8,9,7,10,11,12,13,14,12,15,16,17,18,19,17,20,21,22,23,24,5,25,23,9,26,25,8,24,26,6,27,20,28,29,27,30,21,29,31,31,30,32,28,22,32,33,34,3,34,35,4,36,33,1,35,36,0,37,38,39,38,40,41,42,37,43,40,42,44,44,43,45,39,41,45,46,47,13,47,48,14,49,46,11,48,49,10,50,51,19,52,50,18,53,52,16,51,53,15],"vectors": [[0.7071030746929122,0.0,-0.7071030746929121,0.0],[0.0,0.7107652399481194,-0.7034256504158083,0.0],[-0.7070878156710154,0.0,-0.7070878156710154,0.0],[0.0,-0.7107499809262225,-0.7034256504158083,0.0],[0.0,0.0,1.0,0.0],[-0.7070878156710154,0.0,0.7071030746929122,0.0],[0.0,0.7107652399481194,0.7034409094377051,0.0],[0.7071030746929122,0.0,0.7071183337148089,0.0],[0.0,-0.7107499809262225,0.7034409094377051,0.0],[0.0,0.0,-1.0,0.0],[0.7034256504158084,0.7107652399481194,0.0,0.0],[0.7034256504158084,-0.7107499809262225,0.0,0.0],[-1.0,0.0,0.0,0.0],[-0.7034256504158083,0.7107652399481194,0.0,0.0],[-0.7034256504158083,-0.7107499809262225,0.0,0.0],[1.0,0.0,0.0,0.0],[0.0,-0.7170061799038682,0.6970473792629892,0.0],[0.6970473792629892,-0.7170061799038682,0.0,0.0],[0.0,-0.7170061799038682,-0.6970321202410925,0.0],[-0.6970321202410925,-0.7170061799038682,0.0,0.0],[0.0,1.0,0.0,0.0],[0.0,0.7170214389257649,0.6970473792629892,0.0],[-0.6970321202410925,0.7170214389257649,0.0,0.0],[0.0,0.7170214389257649,-0.6970321202410925,0.0],[0.6970473792629892,0.7170214389257649,0.0,0.0],[0.0,-1.0,0.0,0.0]],"points": [[-0.0006713969634546402,-0.12498664835584039,-0.1872129396505684,1.0],[0.06205844205386435,-0.18709086747539483,-0.24998855573357748,1.0],[0.06205844205386435,-0.06286717021438926,-0.24998855573357748,1.0],[-0.06343175402456702,-0.06286717021438926,-0.24998855573357748,1.0],[0.06205844205386435,-0.18709086747539483,0.2500038147554742,1.0],[-0.06343175402456702,-0.18709086747539483,0.2500038147554742,1.0],[-0.0006713969634546402,-0.12498664835584039,0.1872281986724651,1.0],[0.06205844205386435,-0.06286717021438926,0.2500038147554742,1.0],[0.24930189974822614,-0.18709086747539483,-0.06274509803921569,1.0],[0.24930189974822614,-0.18709086747539483,0.06276035706111238,1.0],[0.24930189974822614,-0.06286717021438926,0.06276035706111238,1.0],[0.24930189974822614,-0.06286717021438926,-0.06274509803921569,1.0],[-0.18791485465781643,-0.12498664835584039,0.0,1.0],[-0.2506752117189288,-0.18709086747539483,-0.06274509803921569,1.0],[-0.2506752117189288,-0.06286717021438926,0.06276035706111238,1.0],[-0.24998855573357748,-0.24998855573357748,-0.24998855573357748,1.0],[-0.24998855573357748,-0.24998855573357748,0.2500038147554742,1.0],[0.2500038147554742,-0.24998855573357748,0.2500038147554742,1.0],[0.2500038147554742,-0.24998855573357748,-0.24998855573357748,1.0],[0.2500038147554742,0.2500038147554742,-0.24998855573357748,1.0],[0.2500038147554742,0.2500038147554742,0.2500038147554742,1.0],[-0.24998855573357748,0.2500038147554742,0.2500038147554742,1.0],[-0.24998855573357748,0.2500038147554742,-0.24998855573357748,1.0],[-0.06343175402456702,-0.18709086747539483,-0.24998855573357748,1.0],[-0.06343175402456702,-0.06286717021438926,0.2500038147554742,1.0],[-0.2506752117189288,-0.06286717021438926,-0.06274509803921569,1.0],[-0.2506752117189288,-0.18709086747539483,0.06276035706111238,1.0],[0.0,0.006958113984893569,0.0,1.0],[0.18654154268711376,-0.12498664835584039,0.0,1.0],[0.0,-0.006942854962996847,0.0,1.0]],"normals": [[0,0,0,1],[1,1,0,1],[2,2,0,1],[3,3,0,1],[4,3,0,1],[4,1,0,1],[5,4,0,1],[6,5,0,1],[7,6,0,1],[8,7,0,1],[9,7,0,1],[9,5,0,1],[7,8,0,1],[10,9,0,1],[0,10,0,1],[11,11,0,1],[12,11,0,1],[12,9,0,1],[2,12,0,1],[13,13,0,1],[5,12,0,1],[14,12,0,1],[15,14,0,1],[15,13,0,1],[16,15,1,1],[17,16,1,1],[18,17,1,1],[19,18,1,1],[20,18,1,1],[20,16,1,1],[21,19,2,1],[22,20,2,1],[23,21,2,1],[24,22,2,1],[25,22,2,1],[25,20,2,1]],"colors": [[0.5039370078740157,0.0,0.0,0.0],[1.0039370078740157,0.0,0.0,0.0],[0.0,0.5039370078740157,0.0,0.0]]}