{"enclosure_radius": 0.5231250476844435,"triangles_verts_poly": [[1,23,2],[2,24,1],[10,25,8],[7,8,10],[13,14,12],[12,26,14],[15,27,18],[8,9,7],[7,9,10],[9,25,8],[9,10,25],[16,27,15],[17,27,16],[18,27,17],[17,18,16],[15,16,18],[0,1,23],[0,24,1],[0,2,24],[0,23,2],[6,28,5],[3,28,6],[4,28,3],[5,28,4],[5,6,4],[3,4,6],[11,14,13],[11,26,14],[11,12,26],[11,13,12],[19,29,22],[20,29,19],[21,29,20],[22,29,21],[21,22,20],[19,20,22]],"min_bounds": [-0.2506752117189288,-0.24998855573357748,-0.24998855573357748,19.000289921416037],"res_id": 561,"triangles_poly": [[[2,0,1]],[[0,1,2]],[[2,0,1]],[[1,0,2]],[[1,0,2]],[[2,0,1]],[[0,1,2]],[[0,1,2]],[[1,2,0]],[[2,1,0]],[[0,2,1]],[[2,0,1]],[[2,0,1]],[[0,1,2]],[[1,0,2]],[[2,1,0]],[[2,1,0]],[[1,0,2]],[[1,0,2]],[[2,1,0]],[[1,2,0]],[[0,1,2]],[[2,0,1]],[[1,2,0]],[[1,0,2]],[[2,1,0]],[[1,0,2]],[[1,0,2]],[[2,1,0]],[[2,1,0]],[[2,0,1]],[[1,2,0]],[[1,2,0]],[[0,1,2]],[[1,0,2]],[[2,1,0]]],"max_bounds": [0.2500038147554742,0.2500038147554742,0.2500038147554742,21.000305180437934],"unique_edges": [[1,23],[2,23],[1,2],[2,24],[1,24],[10,25],[8,25],[8,10],[7,8],[7,10],[13,14],[12,13],[12,14],[12,26],[14,26],[15,27],[18,27],[15,18],[8,9],[7,9],[9,10],[9,25],[16,27],[15,16],[17,27],[16,17],[17,18],[16,18],[0,1],[0,23],[0,24],[0,2],[6,28],[5,28],[5,6],[3,28],[3,6],[4,28],[3,4],[4,5],[4,6],[11,14],[11,13],[11,26],[11,12],[19,29],[22,29],[19,22],[20,29],[19,20],[21,29],[20,21],[21,22],[20,22]],"name": "switchOn","polys": [[0,3,4,1,65535,1,108],[3,3,5,2,65535,1,26],[6,3,16,3,65535,1,976],[9,3,17,4,65535,1,2208],[12,3,22,5,65535,1,1],[15,3,23,6,65535,1,1],[18,3,24,7,16,1,1],[21,3,13,8,11,1,1],[24,3,12,9,65535,1,1],[27,3,14,10,65535,1,1],[30,3,15,65535,65535,1,1],[33,3,25,12,65535,1,1],[36,3,26,13,65535,1,1],[39,3,27,14,65535,1,1],[42,3,28,15,65535,1,1],[45,3,29,65535,65535,1,1],[48,3,3,17,20,1,65537],[51,3,0,18,65535,1,65537],[54,3,1,19,65535,1,65537],[57,3,2,65535,65535,1,131073],[60,3,9,21,26,1,131073],[63,3,6,22,65535,1,131073],[66,3,7,23,65535,1,65536],[69,3,8,24,65535,1,65536],[72,3,10,25,65535,1,65536],[75,3,11,65535,65535,1,65536],[78,3,21,27,30,1,65536],[81,3,18,28,65535,1,65536],[84,3,19,29,65535,1,65536],[87,3,20,65535,65535,1,65536],[90,3,30,31,65535,1,65536],[93,3,31,32,65535,1,65536],[96,3,32,33,65535,1,65536],[99,3,33,34,65535,1,65536],[102,3,34,35,65535,1,65536],[105,3,35,65535,65535,1,65536]],"enclosure_point": [-0.023224231326771982,-0.0019836728465705278,-0.11807431143663694,0.4330052643625544],"edges": [0,1,2,3,4,2,5,6,7,8,9,7,10,11,12,13,14,12,15,16,17,18,19,8,19,20,9,21,18,6,20,21,5,22,15,23,24,22,25,16,24,26,26,25,27,23,17,27,28,29,0,30,28,4,31,30,3,29,31,1,32,33,34,35,32,36,37,35,38,33,37,39,34,39,40,38,36,40,41,42,10,43,41,14,44,43,13,42,44,11,45,46,47,48,45,49,50,48,51,46,50,52,52,51,53,49,47,53],"vectors": [[-0.7070878156710154,0.0,-0.7070878156710154,0.0],[-0.7034256504158083,0.7107652399481194,0.0,0.0],[-0.7070878156710154,0.0,0.7071030746929122,0.0],[-0.7034256504158083,-0.7107499809262225,0.0,0.0],[1.0,0.0,0.0,0.0],[0.7071030746929122,0.0,0.7071183337148089,0.0],[0.7034256504158084,0.7107652399481194,0.0,0.0],[0.7071030746929122,0.0,-0.7071030746929121,0.0],[0.7034256504158084,-0.7107499809262225,0.0,0.0],[-1.0,0.0,0.0,0.0],[0.0,0.7107652399481194,0.7034409094377051,0.0],[0.0,-0.7107499809262225,0.7034409094377051,0.0],[0.0,0.0,-1.0,0.0],[0.0,0.7107652399481194,-0.7034256504158083,0.0],[0.0,-0.7107499809262225,-0.7034256504158083,0.0],[0.0,0.0,1.0,0.0],[0.0,-0.7170061799038682,0.6970473792629892,0.0],[0.6970473792629892,-0.7170061799038682,0.0,0.0],[0.0,-0.7170061799038682,-0.6970321202410925,0.0],[-0.6970321202410925,-0.7170061799038682,0.0,0.0],[0.0,1.0,0.0,0.0],[0.0,0.7170214389257649,0.6970473792629892,0.0],[-0.6970321202410925,0.7170214389257649,0.0,0.0],[0.0,0.7170214389257649,-0.6970321202410925,0.0],[0.6970473792629892,0.7170214389257649,0.0,0.0],[0.0,-1.0,0.0,0.0]],"points": [[-0.18791485465781643,0.1250019073777371,0.0,1.0],[-0.2506752117189288,0.18710612649729153,0.06276035706111238,1.0],[-0.2506752117189288,0.06288242923628595,-0.06274509803921569,1.0],[0.24930189974822614,0.06288242923628595,-0.06274509803921569,1.0],[0.24930189974822614,0.06288242923628595,0.06276035706111238,1.0],[0.24930189974822614,0.18710612649729153,0.06276035706111238,1.0],[0.24930189974822614,0.18710612649729153,-0.06274509803921569,1.0],[0.06205844205386435,0.06288242923628595,0.2500038147554742,1.0],[-0.06343175402456702,0.06288242923628595,0.2500038147554742,1.0],[-0.0006713969634546402,0.1250019073777371,0.1872281986724651,1.0],[0.06205844205386435,0.18710612649729153,0.2500038147554742,1.0],[-0.0006713969634546402,0.1250019073777371,-0.1872129396505684,1.0],[0.06205844205386435,0.06288242923628595,-0.24998855573357748,1.0],[0.06205844205386435,0.18710612649729153,-0.24998855573357748,1.0],[-0.06343175402456702,0.18710612649729153,-0.24998855573357748,1.0],[-0.24998855573357748,-0.24998855573357748,-0.24998855573357748,1.0],[-0.24998855573357748,-0.24998855573357748,0.2500038147554742,1.0],[0.2500038147554742,-0.24998855573357748,0.2500038147554742,1.0],[0.2500038147554742,-0.24998855573357748,-0.24998855573357748,1.0],[0.2500038147554742,0.2500038147554742,-0.24998855573357748,1.0],[0.2500038147554742,0.2500038147554742,0.2500038147554742,1.0],[-0.24998855573357748,0.2500038147554742,0.2500038147554742,1.0],[-0.24998855573357748,0.2500038147554742,-0.24998855573357748,1.0],[-0.2506752117189288,0.18710612649729153,-0.06274509803921569,1.0],[-0.2506752117189288,0.06288242923628595,0.06276035706111238,1.0],[-0.06343175402456702,0.18710612649729153,0.2500038147554742,1.0],[-0.06343175402456702,0.06288242923628595,-0.24998855573357748,1.0],[0.0,-0.006942854962996847,0.0,1.0],[0.18654154268711376,0.1250019073777371,0.0,1.0],[0.0,0.006958113984893569,0.0,1.0]],"normals": [[0,0,0,1],[1,0,0,1],[2,0,0,1],[3,1,0,1],[4,1,0,1],[4,2,0,1],[5,3,0,1],[6,4,0,1],[7,5,0,1],[8,6,0,1],[9,6,0,1],[9,4,0,1],[2,7,0,1],[10,8,0,1],[5,9,0,1],[11,10,0,1],[12,10,0,1],[12,8,0,1],[7,11,0,1],[13,12,0,1],[0,13,0,1],[14,14,0,1],[15,14,0,1],[15,12,0,1],[16,15,1,1],[17,16,1,1],[18,17,1,1],[19,18,1,1],[20,18,1,1],[20,16,1,1],[21,19,2,1],[22,20,2,1],[23,21,2,1],[24,22,2,1],[25,22,2,1],[25,20,2,1]],"colors": [[0.0,0.5039370078740157,0.0,0.0],[0.5039370078740157,0.0,0.0,0.0],[0.0,1.0039370078740157,0.0,0.0]]}