{"enclosure_radius": 1.4698558022430763,"triangles_verts_poly": [[0,66,1],[1,66,3],[2,67,68],[3,69,66],[4,6,5],[5,6,70],[6,8,70],[7,70,8],[6,8,13],[9,13,6],[10,71,14],[11,72,10],[14,15,10],[10,15,11],[14,73,15],[15,74,11],[16,75,76],[16,18,75],[18,21,16],[21,77,18],[26,77,21],[26,78,77],[79,80,31],[32,78,26],[31,80,81],[32,82,78],[31,81,34],[33,82,32],[34,81,83],[33,84,82],[34,83,38],[41,84,33],[38,83,85],[41,86,84],[38,85,45],[43,86,41],[45,85,87],[43,48,86],[45,87,46],[47,48,43],[46,87,88],[47,89,48],[46,88,51],[55,89,47],[51,88,90],[51,90,52],[53,91,55],[55,91,89],[52,56,53],[52,90,56],[53,56,91],[9,12,92],[9,13,12],[17,93,20],[19,20,93],[19,20,94],[22,94,19],[23,93,17],[24,94,22],[25,94,24],[19,22,28],[27,28,19],[24,29,25],[24,95,29],[27,28,96],[28,30,95],[29,95,30],[28,30,96],[35,36,97],[35,36,37],[35,39,37],[37,39,98],[35,39,44],[40,44,35],[42,44,40],[42,44,99],[49,59,54],[49,100,59],[50,54,59],[50,54,60],[57,59,100],[58,60,50],[57,59,101],[58,60,102],[61,101,57],[62,102,58],[63,101,61],[63,64,58],[58,62,64],[63,64,61],[65,103,104]],"min_bounds": [-1.759990844586862,-0.14798199435416193,-0.014984359502555833,24576.0],"polys": [[0,3,0,1,65535,1,941686864],[3,3,1,2,65535,1,2080899750],[6,3,2,3,65535,1,2088639352],[9,3,3,4,65535,1,1099038824],[12,3,4,5,65535,1,947781768],[15,3,5,6,65535,1,2417885324],[18,3,6,7,65535,1,947912704],[21,3,7,8,65535,1,1099038740],[24,3,8,9,65535,1,1610612736],[27,3,9,10,65535,1,1208436837],[30,3,10,11,51,1,941686848],[33,3,11,12,65535,1,2080899750],[36,3,14,13,65535,1,2088639352],[39,3,15,14,65535,1,2143548280],[42,3,16,15,65535,1,2831482898],[45,3,17,16,65535,1,2159935680],[48,3,18,17,65535,1,2965241870],[51,3,19,18,65535,1,2552102936],[54,3,21,19,65535,1,2088765237],[57,3,24,20,65535,1,2424045568],[60,3,29,21,65535,1,2141580152],[63,3,34,22,65535,1,2482765828],[66,3,39,23,65535,1,2416181248],[69,3,40,24,65535,1,2080900006],[72,3,41,25,65535,1,3215065076],[75,3,42,26,65535,1,2092837752],[78,3,43,27,65535,1,947716152],[81,3,44,28,65535,1,2141449080],[84,3,45,29,65535,1,1610612736],[87,3,48,30,65535,1,949813300],[90,3,49,31,65535,1,2172846080],[93,3,50,32,65535,1,2141449080],[96,3,53,33,65535,1,3147956212],[99,3,56,34,65535,1,2415984648],[102,3,58,35,65535,1,673054720],[105,3,59,36,65535,1,939721028],[108,3,61,37,65535,1,2416246784],[111,3,62,38,65535,1,1099038740],[114,3,63,39,65535,1,1610612736],[117,3,64,40,65535,1,1208432261],[120,3,65,41,65535,1,941686848],[123,3,66,42,65535,1,2080899750],[126,3,67,43,65535,1,2172846084],[129,3,68,44,65535,1,2147549256],[132,3,72,45,65535,1,2080899750],[135,3,73,46,65535,1,2088704888],[138,3,74,47,65535,1,2173435956],[141,3,76,48,65535,1,2833186868],[144,3,77,49,65535,1,2151743508],[147,3,78,50,65535,1,2212626428],[150,3,79,65535,65535,1,2080899750],[153,3,12,52,65535,1,2088639352],[156,3,13,53,65535,1,2088704888],[159,3,20,54,65535,1,2143679352],[162,3,22,55,65535,1,2145647480],[165,3,23,56,65535,1,3150053368],[168,3,25,57,65535,1,2415984648],[171,3,26,58,65535,1,2212661744],[174,3,27,59,65535,1,2080572280],[177,3,28,60,65535,1,2143548280],[180,3,30,61,65535,1,947781684],[183,3,31,62,65535,1,947781740],[186,3,32,63,65535,1,947912704],[189,3,33,64,65535,1,2143548280],[192,3,35,65,65535,1,2089231224],[195,3,36,66,65535,1,2089427832],[198,3,37,67,65535,1,1610612736],[201,3,38,68,65535,1,2080900006],[204,3,46,69,65535,1,3210870764],[207,3,47,70,65535,1,2092837752],[210,3,51,71,65535,1,941424812],[213,3,52,72,65535,1,1274895397],[216,3,54,73,65535,1,947912704],[219,3,55,74,65535,1,951975988],[222,3,57,75,65535,1,947716204],[225,3,60,76,65535,1,2482831364],[228,3,69,77,65535,1,939524096],[231,3,70,78,65535,1,2424111212],[234,3,71,79,65535,1,2960982184],[237,3,75,80,65535,1,1099038772],[240,3,80,81,65535,1,2088704888],[243,3,81,82,65535,1,2145647480],[246,3,82,83,65535,1,2482831524],[249,3,83,84,65535,1,2162098176],[252,3,84,85,65535,1,2415984982],[255,3,85,86,65535,1,2415984974],[258,3,86,87,65535,1,2172846084],[261,3,87,88,65535,1,2173436120],[264,3,88,89,65535,1,1757151233],[267,3,89,90,65535,1,1208442909],[270,3,90,65535,65535,1,2472607800]],"edges": [0,1,2,1,3,4,5,6,7,8,9,3,10,11,12,11,13,14,15,16,13,17,16,18,15,19,20,21,19,22,23,24,25,26,27,28,29,30,25,30,31,28,32,33,29,34,35,31,36,37,38,39,40,36,41,39,42,43,44,41,45,43,46,47,48,45,49,50,51,52,47,53,50,54,55,56,57,52,55,58,59,60,56,61,58,62,63,64,65,60,63,66,67,68,64,69,66,70,71,72,73,68,71,74,75,76,72,77,74,78,79,80,81,76,79,82,83,84,80,85,82,86,87,88,89,84,87,90,91,92,88,93,90,94,95,95,96,97,98,99,100,99,101,92,102,103,104,96,105,102,103,106,98,107,108,109,21,107,110,111,112,113,114,112,115,114,116,117,118,116,119,120,111,121,122,118,123,124,122,125,119,126,127,128,126,129,130,131,125,132,133,130,128,134,135,136,137,138,133,137,139,136,135,140,141,142,143,141,144,145,146,147,144,147,148,149,146,150,151,152,150,153,154,152,155,154,156,157,158,159,160,161,162,158,163,159,164,163,165,166,167,162,168,169,165,170,167,171,172,169,173,174,175,171,176,177,173,178,179,175,180,181,182,183,178,182,184,181,180,185,186,187,188],