{"enclosure_radius": 0.715053025101091,"triangles_verts_poly": [[11,17,10],[10,14,17],[12,18,11],[11,17,18],[13,19,12],[12,18,13],[10,14,19],[13,19,14],[2,20,0],[0,5,20],[1,4,2],[2,20,1],[7,21,22],[21,23,7],[8,24,25],[8,26,24],[9,27,28],[27,29,9],[3,6,4],[1,4,3],[0,5,6],[3,6,5],[15,30,31],[16,32,33]],"min_bounds": [-0.5027847714961471,-0.5069810025177386,0.016083009079118027,0.0],"res_id": 701,"triangles_poly": [[[2,1,0]],[[0,1,2]],[[0,2,1]],[[2,0,1]],[[1,2,0]],[[2,0,1]],[[2,1,0]],[[1,0,2]],[[2,1,0]],[[1,2,0]],[[2,0,1]],[[0,1,2]],[[0,2,1]],[[2,0,1]],[[0,1,2]],[[1,2,0]],[[0,2,1]],[[2,0,1]],[[1,2,0]],[[2,1,0]],[[1,0,2]],[[2,1,0]],[[2,0,1]],[[1,2,0]]],"max_bounds": [0.5084458686198214,0.5042496375982299,0.11606012054627299,0.0],"unique_edges": [[11,17],[10,11],[10,17],[10,14],[14,17],[12,18],[11,12],[11,18],[17,18],[13,19],[12,19],[12,13],[13,18],[10,19],[14,19],[13,14],[2,20],[0,2],[0,20],[0,5],[5,20],[1,4],[2,4],[1,2],[1,20],[7,21],[7,22],[21,22],[21,23],[7,23],[8,24],[24,25],[8,25],[8,26],[24,26],[9,27],[9,28],[27,28],[27,29],[9,29],[3,6],[4,6],[3,4],[1,3],[0,6],[5,6],[3,5],[15,30],[30,31],[15,31],[16,32],[32,33],[16,33]],"name": "ON","polys": [[0,3,14,1,65535,1,3801147],[3,3,15,2,65535,1,4294965986],[6,3,16,3,65535,1,0],[9,3,17,4,65535,1,0],[12,3,18,5,65535,1,0],[15,3,19,6,65535,1,29920476],[18,3,20,7,65535,1,0],[21,3,21,8,65535,1,1931],[24,3,0,9,10,1,14203],[27,3,1,65535,65535,1,3],[30,3,2,11,18,1,1],[33,3,3,12,65535,1,136],[36,3,8,13,65535,1,274],[39,3,9,14,65535,1,3459],[42,3,10,15,65535,1,720],[45,3,11,16,65535,1,65430],[48,3,12,17,65535,1,839905],[51,3,13,65535,65535,1,31641],[54,3,4,19,20,1,8678],[57,3,5,65535,65535,1,56718],[60,3,6,21,22,1,4283373731],[63,3,7,65535,65535,1,11796480],[66,3,22,23,65535,1,4294816913],[69,3,23,65535,65535,1,840239]],"enclosure_point": [0.002822919050888838,-0.0013580529488059767,0.016083009079118027,0.7181963836118105],"edges": [0,1,2,3,4,2,5,6,7,0,8,7,9,10,11,5,12,11,3,13,14,9,15,14,16,17,18,19,20,18,21,22,23,16,24,23,25,26,27,28,29,25,30,31,32,33,34,30,35,36,37,38,39,35,40,41,42,21,43,42,19,44,45,40,46,45,47,48,49,50,51,52],"vectors": [[0.0,-0.00306706340123597,-0.9999847409781033,0.0],[0.002990768291752499,0.0,-0.9999847409781033,0.0],[0.0,0.0030060273136491952,-0.9999847409781033,0.0],[-0.0030212863355458808,0.0,-0.9999847409781033,0.0],[0.0,0.0,-1.0,0.0],[0.0,-0.5987029831387808,-0.8009460593575952,0.0],[-0.5987029831387808,0.0,-0.8009460593575952,0.0],[0.0,0.5987182421606775,-0.8009460593575952,0.0],[0.5987182421606775,0.0,-0.8009460593575952,0.0]],"points": [[-0.26109712367437243,-0.10370031280994885,0.07042038605325399,1.0],[-0.05137712672617689,0.16983291371023118,0.07063401235980774,1.0],[-0.12585641260395208,-0.10370031280994885,0.07042038605325399,1.0],[-0.33432516975661863,0.16983291371023118,0.07063401235980774,1.0],[-0.12585641260395208,0.0959487296864271,0.07042038605325399,1.0],[-0.33432516975661863,-0.17572289616235603,0.07063401235980774,1.0],[-0.26109712367437243,0.0959487296864271,0.07042038605325399,1.0],[0.03573662928206302,-0.17518883039597166,0.07087815671015488,1.0],[0.12602426184481574,0.0030975814450293735,0.07087815671015488,1.0],[0.25012588693064775,-0.1750362401770047,0.07087815671015488,1.0],[-0.5027847714961471,0.5042496375982299,0.016083009079118027,1.0],[0.5084458686198214,0.5042496375982299,0.016083009079118027,1.0],[0.5084458686198214,-0.5069810025177386,0.016083009079118027,1.0],[-0.369039444571603,-0.3732356755931945,0.11606012054627299,1.0],[-0.369039444571603,0.37048905165178914,0.11606012054627299,1.0],[0.060532539864194705,-0.37462424658579385,0.11479362172884718,1.0],[-0.08325322346837571,0.3705653467612726,0.11479362172884718,1.0],[0.37468528267338064,0.37048905165178914,0.11606012054627299,1.0],[0.37470054169527733,-0.3732356755931945,0.11606012054627299,1.0],[-0.5027847714961471,-0.5069810025177386,0.016083009079118027,1.0],[-0.05137712672617689,-0.17572289616235603,0.07063401235980774,1.0],[0.12561226825360494,0.16942092011902038,0.07087815671015488,1.0],[0.12561226825360494,-0.17518883039597166,0.07087815671015488,1.0],[0.03573662928206302,0.16942092011902038,0.07087815671015488,1.0],[0.24917982757305257,0.0031738765545128557,0.07087815671015488,1.0],[0.12651255054551003,0.16983291371023118,0.07087815671015488,1.0],[0.24898146028839552,-0.17535667963683532,0.07087815671015488,1.0],[0.339986266880293,0.16958876935988404,0.07087815671015488,1.0],[0.339986266880293,-0.1750362401770047,0.07087815671015488,1.0],[0.25012588693064775,0.16958876935988404,0.07087815671015488,1.0],[-0.011352712291142097,-0.25006485084306096,0.11479362172884718,1.0],[-0.08325322346837571,-0.37462424658579385,0.11479362172884718,1.0],[-0.011352712291142097,0.2460212100404364,0.11479362172884718,1.0],[0.060532539864194705,0.3705653467612726,0.11479362172884718,1.0]],"normals": [[0,0,0,1],[0,0,0,1],[1,1,0,1],[1,2,0,1],[2,3,0,1],[2,4,0,1],[3,5,0,1],[3,6,0,1],[4,7,0,1],[4,7,0,1],[4,8,0,1],[4,8,0,1],[4,9,0,1],[4,9,0,1],[5,10,0,1],[5,10,0,1],[6,11,0,1],[6,11,0,1],[7,12,0,1],[7,13,0,1],[8,14,0,1],[8,14,0,1],[4,15,0,1],[4,16,0,1]],"colors": [[0.0,1.0,0.0,0.0]]}