{"enclosure_radius": 0.715053025101091,"triangles_verts_poly": [[14,20,13],[13,17,20],[15,21,14],[14,20,21],[16,22,15],[15,21,16],[13,17,22],[16,22,17],[0,23,24],[0,24,25],[1,26,27],[1,27,28],[29,30,2],[2,29,31],[3,5,32],[8,32,3],[4,7,5],[3,5,4],[10,33,34],[10,34,35],[11,36,37],[11,37,38],[12,39,40],[12,40,41],[6,9,7],[4,7,6],[8,32,9],[6,9,8],[18,42,43],[19,44,45]],"min_bounds": [-0.5027847714961471,-0.5069810025177386,0.016083009079118027,0.0],"res_id": 702,"triangles_poly": [[[2,1,0]],[[0,1,2]],[[0,2,1]],[[2,0,1]],[[1,2,0]],[[2,0,1]],[[2,1,0]],[[1,0,2]],[[2,0,1]],[[1,2,0]],[[0,1,2]],[[0,1,2]],[[2,0,1]],[[0,2,1]],[[2,0,1]],[[0,2,1]],[[2,0,1]],[[0,2,1]],[[2,0,1]],[[1,2,0]],[[0,1,2]],[[0,1,2]],[[2,0,1]],[[1,2,0]],[[1,2,0]],[[2,1,0]],[[0,1,2]],[[2,1,0]],[[2,0,1]],[[1,2,0]]],"max_bounds": [0.5084458686198214,0.5042496375982299,0.11606012054627299,0.0],"unique_edges": [[14,20],[13,14],[13,20],[13,17],[17,20],[15,21],[14,15],[14,21],[20,21],[16,22],[15,22],[15,16],[16,21],[13,22],[17,22],[16,17],[0,23],[23,24],[0,24],[24,25],[0,25],[1,26],[26,27],[1,27],[27,28],[1,28],[29,30],[2,30],[2,29],[2,31],[29,31],[3,5],[5,32],[3,32],[8,32],[3,8],[4,7],[5,7],[4,5],[3,4],[10,33],[33,34],[10,34],[34,35],[10,35],[11,36],[36,37],[11,37],[37,38],[11,38],[12,39],[39,40],[12,40],[40,41],[12,41],[6,9],[7,9],[6,7],[4,6],[9,32],[8,9],[6,8],[18,42],[42,43],[18,43],[19,44],[44,45],[19,45]],"name": "OFF","polys": [[0,3,20,1,65535,1,29919924],[3,3,21,2,65535,1,0],[6,3,22,3,65535,1,4294963092],[9,3,23,4,65535,1,20338],[12,3,24,5,65535,1,3],[15,3,25,6,65535,1,1],[18,3,26,7,65535,1,136],[21,3,27,8,65535,1,274],[24,3,0,9,28,1,0],[27,3,1,10,65535,1,65536],[30,3,2,11,65535,1,0],[33,3,3,12,65535,1,0],[36,3,4,13,65535,1,0],[39,3,5,14,65535,1,0],[42,3,6,15,16,1,0],[45,3,7,65535,65535,1,0],[48,3,8,17,24,1,32768000],[51,3,9,18,65535,1,0],[54,3,14,19,65535,1,982],[57,3,15,20,65535,1,0],[60,3,16,21,65535,1,1533],[63,3,17,22,65535,1,0],[66,3,18,23,65535,1,0],[69,3,19,65535,65535,1,0],[72,3,10,25,26,1,0],[75,3,11,65535,65535,1,0],[78,3,12,27,65535,1,0],[81,3,13,65535,65535,1,0],[84,3,28,29,65535,1,0],[87,3,29,65535,65535,1,16777216]],"enclosure_point": [0.002822919050888838,-0.0013580529488059767,0.016083009079118027,0.7181963836118105],"edges": [0,1,2,3,4,2,5,6,7,0,8,7,9,10,11,5,12,11,3,13,14,9,15,14,16,17,18,18,19,20,21,22,23,23,24,25,26,27,28,28,29,30,31,32,33,34,35,33,36,37,38,31,39,38,40,41,42,42,43,44,45,46,47,47,48,49,50,51,52,52,53,54,55,56,57,36,58,57,34,59,60,55,61,60,62,63,64,65,66,67],"vectors": [[0.0,0.0,-1.0,0.0],[0.0,-0.00306706340123597,-0.9999847409781033,0.0],[0.0042267490653849086,0.0,-0.9999847409781033,0.0],[0.0,0.0030060273136491952,-0.9999847409781033,0.0],[-0.004272526131074983,0.0,-0.9999847409781033,0.0],[0.0,-0.5987029831387808,-0.8009460593575952,0.0],[-0.5987029831387808,0.0,-0.8009460593575952,0.0],[0.0,0.5987182421606775,-0.8009460593575952,0.0],[0.5987182421606775,0.0,-0.8009460593575952,0.0]],"points": [[0.2838788433661402,0.023941405355916687,0.06630045014114595,1.0],[0.23178454261081866,0.09631494621194782,0.06630045014114595,1.0],[0.16733043411917295,-0.1737697413595789,0.06630045014114595,1.0],[-0.13568322270542454,-0.17428854810406658,0.06605630579079881,1.0],[-0.13568322270542454,0.17155718318455787,0.06605630579079881,1.0],[-0.18840314335851072,-0.1022201876859693,0.06584267948424506,1.0],[-0.33598840314335854,0.17155718318455787,0.06605630579079881,1.0],[-0.18840314335851072,0.09761196307316701,0.06584267948424506,1.0],[-0.33598840314335854,-0.17428854810406658,0.06605630579079881,1.0],[-0.28413824673838406,0.09761196307316701,0.06584267948424506,1.0],[0.04415960936903945,0.023941405355916687,0.06630045014114595,1.0],[-0.007888914320592022,0.09631494621194782,0.06630045014114595,1.0],[-0.008728160524910322,0.17114518959334707,0.06630045014114595,1.0],[-0.5027847714961471,0.5042496375982299,0.016083009079118027,1.0],[0.5084458686198214,0.5042496375982299,0.016083009079118027,1.0],[0.5084458686198214,-0.5069810025177386,0.016083009079118027,1.0],[-0.369039444571603,-0.3732356755931945,0.11606012054627299,1.0],[-0.369039444571603,0.37048905165178914,0.11606012054627299,1.0],[0.060532539864194705,-0.37462424658579385,0.11479362172884718,1.0],[-0.08325322346837571,0.3705653467612726,0.11479362172884718,1.0],[0.37468528267338064,0.37048905165178914,0.11606012054627299,1.0],[0.37470054169527733,-0.3732356755931945,0.11606012054627299,1.0],[-0.5027847714961471,-0.5069810025177386,0.016083009079118027,1.0],[0.23106736858167393,0.023941405355916687,0.06630045014114595,1.0],[0.23106736858167393,-0.05142290379186698,0.06630045014114595,1.0],[0.2838788433661402,-0.05142290379186698,0.06630045014114595,1.0],[0.3414969100480659,0.09634546425574121,0.06630045014114595,1.0],[0.3416342412451362,0.17122148470283055,0.06630045014114595,1.0],[0.2315861753261616,0.17079423208972305,0.06630045014114595,1.0],[0.23094529640650036,0.17114518959334707,0.06630045014114595,1.0],[0.16733043411917295,0.17114518959334707,0.06630045014114595,1.0],[0.23094529640650036,-0.1737697413595789,0.06630045014114595,1.0],[-0.28413824673838406,-0.1022201876859693,0.06584267948424506,1.0],[-0.008621347371633448,0.023941405355916687,0.06630045014114595,1.0],[-0.008621347371633448,-0.05142290379186698,0.06630045014114595,1.0],[0.04415960936903945,-0.05142290379186698,0.06630045014114595,1.0],[0.10179293507286183,0.09634546425574121,0.06630045014114595,1.0],[0.1019302662699321,0.17122148470283055,0.06630045014114595,1.0],[-0.008102540627145771,0.17079423208972305,0.06630045014114595,1.0],[-0.0723430228122377,0.17114518959334707,0.06630045014114595,1.0],[-0.0723430228122377,-0.1737697413595789,0.06630045014114595,1.0],[-0.008728160524910322,-0.1737697413595789,0.06630045014114595,1.0],[-0.011352712291142097,-0.25006485084306096,0.11479362172884718,1.0],[-0.08325322346837571,-0.37462424658579385,0.11479362172884718,1.0],[-0.011352712291142097,0.2460212100404364,0.11479362172884718,1.0],[0.060532539864194705,0.3705653467612726,0.11479362172884718,1.0]],"normals": [[0,0,0,1],[0,0,0,1],[0,1,0,1],[0,1,0,1],[0,2,0,1],[0,2,0,1],[1,3,0,1],[1,3,0,1],[2,4,0,1],[2,5,0,1],[3,6,0,1],[3,7,0,1],[4,8,0,1],[4,9,0,1],[0,10,0,1],[0,10,0,1],[0,11,0,1],[0,11,0,1],[0,12,0,1],[0,12,0,1],[5,13,0,1],[5,13,0,1],[6,14,0,1],[6,14,0,1],[7,15,0,1],[7,16,0,1],[8,17,0,1],[8,17,0,1],[0,18,0,1],[0,19,0,1]],"colors": [[1.0,1.0,0.0,1.0]]}