{"enclosure_radius": 0.49660486762798506,"triangles_verts_poly": [[1,19,20],[1,6,19],[4,21,6],[5,21,4],[6,8,19],[4,6,8],[5,7,4],[4,22,8],[4,7,22],[5,9,7],[9,10,7],[9,23,10],[7,24,22],[7,10,24],[10,25,24],[2,10,25],[16,26,13,27],[2,20,25],[1,2,20],[0,23,2],[0,3,1],[3,6,1],[3,21,6],[28,29,30,31],[14,26,32,13],[14,15,33,32],[15,16,27,33],[0,1,2],[29,34,31,35],[34,36,37,35,38],[2,23,10],[12,28,30],[39,40,11],[37,41,38],[17,42,43],[44,45,18]],"min_bounds": [-0.5069352254520485,-0.0022735942626077588,-0.41968413824673834,0.49660486762798506],"res_id": 705,"triangles_poly": [[[2,0,1]],[[0,1,2]],[[1,0,2]],[[1,0,2]],[[2,0,1]],[[1,0,2]],[[0,1,2]],[[2,0,1]],[[0,1,2]],[[0,1,2]],[[0,1,2]],[[2,0,1]],[[1,2,0]],[[2,0,1]],[[1,2,0]],[[2,1,0]],[[0,1,2],[2,3,0]],[[1,2,0]],[[2,1,0]],[[2,1,0]],[[2,0,1]],[[2,0,1]],[[0,1,2]],[[3,2,0],[0,1,3]],[[0,2,1],[3,1,2]],[[0,1,2],[2,3,0]],[[3,0,2],[1,2,0]],[[1,2,0]],[[3,2,0],[0,1,3]],[[2,4,3],[0,1,2],[0,2,3]],[[0,2,1]],[[2,0,1]],[[0,1,2]],[[1,2,0]],[[0,1,2]],[[0,1,2]]],"max_bounds": [0.4861066605630579,0.7612268253604944,0.4275883115892271,0.0],"unique_edges": [[1,19],[19,20],[1,20],[1,6],[6,19],[4,21],[4,6],[6,21],[5,21],[4,5],[6,8],[8,19],[4,8],[5,7],[4,7],[4,22],[8,22],[7,22],[5,9],[7,9],[9,10],[7,10],[9,23],[10,23],[7,24],[22,24],[10,24],[10,25],[24,25],[2,10],[2,25],[16,26],[13,26],[13,27],[16,27],[2,20],[20,25],[1,2],[0,23],[0,2],[2,23],[0,3],[1,3],[0,1],[3,6],[3,21],[28,29],[30,31],[28,30],[29,31],[14,26],[14,32],[13,32],[14,15],[15,33],[32,33],[15,16],[27,33],[29,34],[31,35],[34,35],[34,36],[36,37],[35,38],[37,38],[12,28],[12,30],[39,40],[11,40],[11,39],[37,41],[38,41],[17,42],[42,43],[17,43],[44,45],[18,45],[18,44]],"name": "Mushroom","polys": [[0,3,6,1,35,1,65537],[3,3,7,2,65535,1,0],[6,3,8,3,65535,1,0],[9,3,9,4,65535,1,0],[12,3,10,5,65535,1,0],[15,3,11,6,65535,1,0],[18,3,12,7,65535,1,0],[21,3,14,8,65535,1,0],[24,3,15,9,65535,1,0],[27,3,13,10,65535,1,0],[30,3,16,11,65535,1,0],[33,3,17,12,65535,1,0],[36,3,20,13,34,1,0],[39,3,21,14,65535,1,0],[42,3,22,15,65535,1,0],[45,3,23,16,65535,1,0],[48,4,29,17,65535,1,0],[52,3,2,18,32,1,0],[55,3,3,19,65535,1,0],[58,3,19,20,30,1,0],[61,3,1,21,27,1,0],[64,3,4,22,65535,1,0],[67,3,5,23,65535,1,0],[70,4,25,24,65535,1,0],[74,4,26,25,65535,1,0],[78,4,27,26,65535,1,0],[82,4,28,65535,65535,1,0],[86,3,0,28,29,1,0],[89,4,25,65535,65535,1,0],[93,5,25,65535,65535,1,0],[98,3,18,65535,31,1,0],[101,3,25,65535,65535,1,0],[104,3,24,33,65535,3,0],[107,3,25,65535,65535,1,0],[110,3,30,65535,65535,1,0],[113,3,31,65535,65535,3,0]],"enclosure_point": [-0.010315098802166744,0.295551995117113,0.003860532539864195,0.7627832455939574],"edges": [0,1,2,3,4,0,5,6,7,8,9,5,10,11,4,6,12,10,13,14,9,15,16,12,14,17,15,18,19,13,20,21,19,22,23,20,24,25,17,21,26,24,27,28,26,29,30,27,31,32,33,34,35,36,30,37,2,35,38,39,40,41,42,43,44,3,42,45,7,44,46,47,48,49,50,51,52,32,53,54,55,51,56,34,57,54,43,37,39,58,59,49,60,61,62,63,64,60,40,29,23,65,66,48,67,68,69,70,71,64,72,73,74,75,76,77],"vectors": [[0.25265888456549934,-0.9672846570534829,-0.022446021210040468,0.0],[0.2532234683756771,-0.9671320668345159,-0.022781719691767788,0.0],[0.7843747615777829,-0.49614709697108417,0.3722590981918059,0.0],[7.629510948348211e-05,-0.992614633401999,0.12120241092545968,0.0],[0.000289921416037232,-0.9925993743801023,0.12130922407873655,0.0],[0.00025940337224383917,-0.5748073548485542,0.818295567254139,0.0],[0.00025940337224383917,-0.5747920958266575,0.818295567254139,0.0],[-0.25255207141222247,-0.9673151750972763,-0.022293430991073504,0.0],[-0.25258258945601586,-0.9672846570534829,-0.02310215915159841,0.0],[-0.7841000991836423,-0.49623865110246435,0.3727168688487068,0.0],[-0.7841000991836423,-0.49622339208056765,0.3727168688487068,0.0],[-0.2527199206530861,-0.9166552224002441,-0.3095597772182803,0.0],[-0.2529182879377432,-0.9166552224002441,-0.30942244602121005,0.0],[-0.7846341649500267,-0.3389944304570077,-0.5190356298161287,0.0],[-0.0002288853284504455,-0.8912947280079346,-0.45337605859464414,0.0],[0.0,-0.8913710231174181,-0.45325398641947057,0.0],[0.25264362554360265,-0.9165789272907606,-0.30989547570000764,0.0],[0.25262836652170595,-0.9163195239185168,-0.31064316777294576,0.0],[-0.0007782101167315147,-0.26025787747005413,-0.9655298695353628,0.0],[0.7841611352712291,-0.3387045090409705,-0.5199511711299305,0.0],[-0.7616388189517052,0.5543755245288777,-0.33550011444266425,0.0],[0.25783169298847947,-0.9622491798275731,-0.08712901503013659,0.0],[-0.6963912413214313,0.1227893492027161,0.7070725566491188,0.0],[0.6962996871900511,-0.12275883115892272,0.7071793698023957,0.0],[0.6964370183871214,-0.12277409018081942,-0.7070267795834286,0.0],[-0.6963149462119478,0.1227740901808194,-0.7071335927367055,0.0],[0.0,-0.22493324177920193,-0.97436484321355,0.0],[0.0,0.5446402685587853,-0.8386663614862288,0.0]],"points": [[-0.010803387502861028,0.7579003585870145,0.08538948653391318,1.0],[-0.15201037613488977,0.7269245441367208,-0.16900892652780952,1.0],[-0.293537804226749,0.6843518730449378,0.07241931792172122,1.0],[-0.010589761196307279,0.7579613946746013,0.08503852903028916,1.0],[0.2727244983596551,0.6843823910887312,0.07225146868085755,1.0],[-0.00999465934233612,0.7579003585870145,0.08538948653391318,1.0],[0.13104448004882888,0.7269398031586175,-0.1691004806591897,0.0],[0.1313496604867628,0.6417792019531549,0.3137865262836652,1.0],[0.4861066605630579,0.2956282902265965,0.0035706111238269626,1.0],[-0.010193026626993174,0.7578393224994278,0.0857251850156405,1.0],[-0.15172045471885254,0.6417334248874648,0.31404592965590905,1.0],[-0.36458381017776764,0.5214465552758069,-0.013534752422369678,1.0],[-0.20183108262760352,0.705302510109102,0.10302891584649423,1.0],[0.1496910048065919,0.2997940032043946,0.04461738002594034,1.0],[-0.04275577935454333,0.022247653925383384,-0.09671168078126191,0.0],[-0.18199435416189824,0.046799420157167926,0.04461738002594034,1.0],[-0.042786297398336726,0.022247653925383384,0.1859922178988327,1.0],[-0.07214465552758065,0.43527885862516213,0.3815060654612039,1.0],[-0.13617151140611883,0.5662165255207141,-0.3016708628976883,1.0],[0.23767452506294345,0.3702601663233387,-0.41968413824673834,0.0],[-0.2587472343022812,0.3702296482795453,-0.4195315480277714,1.0],[-0.010193026626993174,0.7579613946746013,0.08503852903028916,0.0],[0.23817807278553443,0.22093537804226748,0.4271457999542229,1.0],[-0.010589761196307279,0.7578393224994278,0.0857251850156405,1.0],[-0.2582436865796902,0.220859082932784,0.4275883115892271,1.0],[-0.5069352254520485,0.2955672541390097,0.003860532539864195,1.0],[0.0964217593652247,-0.0022735942626077588,0.04461738002594034,1.0],[0.010452429999237048,0.32434576943617915,0.1859922178988327,1.0],[-0.16417181658655677,0.7174944686045625,0.07985046158541237,1.0],[-0.1561150530251011,0.7200885023270008,0.07490653849088273,1.0],[-0.21303120469977876,0.7045395590142672,0.07832455939574273,1.0],[-0.2171053635461967,0.70424963759823,0.06933699549858854,1.0],[0.010482948043030441,0.32433051041428246,-0.09671168078126191,0.0],[-0.128725108720531,0.34888227664606697,0.04461738002594034,1.0],[-0.15431448844129092,0.720683604180972,0.0737926298924239,1.0],[-0.21799038681620508,0.7042038605325399,0.06741435873960479,1.0],[-0.0290379186694133,0.7612268253604944,-0.00323491264209963,1.0],[-0.22598611429007398,0.7112382696269169,-0.03404287785152971,1.0],[-0.2482490272373541,0.7021286335545891,0.000686655985351339,1.0],[-0.4151674677653162,0.3996795605401694,-0.09990081635767145,1.0],[-0.2898298619058518,0.4828259708552682,-0.24705882352941178,1.0],[-0.26691081101701386,0.7008621347371633,-0.040436408026245485,1.0],[0.10920881971465629,0.5392385748073548,0.35750362401770047,1.0],[-0.13617151140611883,0.5756313420309758,0.3491111619745174,1.0],[-0.07214465552758065,0.4454108491645686,-0.38011749446860454,1.0],[0.10920881971465629,0.5348897535667964,-0.32201113908598455,1.0]],