{"enclosure_radius": 0.6953078507667658,"triangles_verts_poly": [[21,22,23,3],[14,15,24],[19,25,20],[26,27,28,29],[14,30,15],[0,31,32,6],[1,33,31,0],[18,34,17],[2,35,1,8],[2,36,33,1],[3,23,36,2],[3,9,2,35],[10,21,3,9],[12,37,4,11],[4,5,22,21],[37,38,5,4],[6,32,38,37],[4,11,21,10],[8,13,7],[0,7,6,39],[1,8,0,7],[6,39,37,12],[7,13,39],[13,35,8],[9,13,35],[10,13,9],[11,13,10],[12,13,11],[13,39,12],[16,40,41,42],[19,20,43],[27,41,29,42],[17,18,44]],"min_bounds": [-0.4287174792095827,-0.012832837415121645,-0.3853513389791714,28086.857145037004],"res_id": 707,"triangles_poly": [[[3,0,2],[1,2,0]],[[0,1,2]],[[1,2,0]],[[0,2,1],[3,1,2]],[[1,2,0]],[[3,0,1],[1,2,3]],[[3,0,1],[1,2,3]],[[1,2,0]],[[3,1,0],[0,2,3]],[[3,0,2],[1,2,0]],[[3,0,1],[1,2,3]],[[3,1,2],[0,2,1]],[[3,0,1],[1,2,3]],[[3,0,1],[1,2,3]],[[3,0,1],[1,2,3]],[[3,0,2],[1,2,0]],[[3,0,2],[1,2,0]],[[3,1,2],[0,2,1]],[[0,2,1]],[[3,1,0],[0,2,3]],[[3,1,2],[0,2,1]],[[3,1,2],[0,2,1]],[[1,0,2]],[[1,2,0]],[[0,2,1]],[[2,1,0]],[[1,0,2]],[[1,0,2]],[[0,1,2]],[[1,2,0],[3,0,2]],[[0,1,2]],[[0,2,1],[3,1,2]],[[2,1,0]]],"max_bounds": [0.546013580529488,1.1866025787747005,0.39385061417563133,-18724.57143511101],"unique_edges": [[21,22],[22,23],[3,23],[3,21],[14,15],[15,24],[14,24],[19,25],[20,25],[19,20],[26,27],[26,28],[28,29],[27,29],[14,30],[15,30],[0,31],[31,32],[6,32],[0,6],[1,33],[31,33],[0,1],[18,34],[17,34],[17,18],[2,35],[1,2],[1,8],[8,35],[2,36],[33,36],[23,36],[2,3],[3,9],[9,35],[10,21],[9,10],[12,37],[4,37],[4,11],[11,12],[4,5],[5,22],[4,21],[37,38],[5,38],[32,38],[6,37],[10,11],[8,13],[7,8],[7,13],[0,7],[6,39],[7,39],[12,39],[13,39],[13,35],[9,13],[10,13],[11,13],[12,13],[16,40],[40,41],[16,42],[41,42],[20,43],[19,43],[27,41],[29,42],[17,44],[18,44]],"name": "Flower","polys": [[0,4,4,1,65535,3,1840700269],[4,3,25,65535,2,3,3067833782],[7,3,29,3,5,3,3681400539],[10,4,26,4,65535,3,1840700269],[14,3,24,65535,65535,3,3067833782],[17,4,0,6,65535,3,3681400539],[21,4,1,7,65535,3,1840700269],[25,3,27,65535,8,3,3067833782],[28,4,10,9,31,3,3681400539],[32,4,2,10,65535,3,1840700269],[36,4,3,11,65535,3,3067833782],[40,4,11,12,65535,3,3681400539],[44,4,12,13,65535,3,1840700269],[48,4,14,14,30,3,3067833782],[52,4,5,15,65535,3,3681400539],[56,4,6,16,65535,3,1840700269],[60,4,7,17,65535,3,3067833782],[64,4,13,18,65535,3,3681400539],[68,3,17,19,29,3,1840700269],[71,4,8,20,65535,3,3067833782],[75,4,9,21,65535,3,3681400539],[79,4,15,22,65535,3,1840700269],[83,3,16,23,65535,3,3067833782],[86,3,18,24,65535,3,3681400539],[89,3,19,25,65535,3,1840700269],[92,3,20,26,65535,3,3067833782],[95,3,21,27,65535,3,3681400539],[98,3,22,28,65535,3,1840700269],[101,3,23,65535,65535,3,3067833782],[104,4,26,65535,65535,3,3681400539],[108,3,30,65535,65535,3,1840700269],[111,4,26,32,65535,3,3067833782],[115,3,28,65535,65535,3,3681400539]],"enclosure_point": [0.21260395208667124,0.61196307316701,-0.15724422064545662,1.3104448004882887],"edges": [0,1,2,3,4,5,6,7,8,9,10,11,12,13,14,15,4,16,17,18,19,20,21,16,22,23,24,25,26,27,28,29,30,31,20,27,2,32,30,33,34,33,26,35,36,3,34,37,38,39,40,41,42,43,0,44,45,46,42,39,18,47,45,48,40,44,36,49,50,51,52,53,19,54,55,28,22,53,51,54,48,38,56,52,55,57,58,29,50,59,35,58,60,37,59,61,49,60,62,41,61,57,56,62,63,64,65,66,9,67,68,69,70,13,66,25,71,72],"vectors": [[-0.8907148851758602,-0.28082703898680095,0.3573968108644236,0.0],[-0.38718242160677496,-0.32487983520256347,0.8628671702143893,0.0],[0.3248950942244602,-0.38718242160677496,0.8628671702143893,0.0],[0.8284275577935455,-0.4312352178225376,0.3573968108644236,0.0],[0.8284275577935455,-0.4312352178225376,-0.35738155184252685,0.0],[0.3248950942244602,-0.38718242160677496,-0.8628519111924926,0.0],[-0.38718242160677496,-0.32487983520256347,-0.8628519111924926,0.0],[-0.8907148851758602,-0.28082703898680095,-0.35738155184252685,0.0],[-0.8284122987716487,0.4312504768444343,0.3574120698863203,0.0],[-0.32487983520256347,0.3871976806286717,0.8628671702143893,0.0],[0.3871976806286717,0.3248950942244602,0.8628671702143893,0.0],[0.890730144197757,0.28084229800869764,0.3573968108644236,0.0],[0.890730144197757,0.28084229800869764,-0.35738155184252685,0.0],[0.3871976806286717,0.3248950942244602,-0.8628519111924926,0.0],[-0.32487983520256347,0.3871976806286717,-0.8628519111924926,0.0],[-0.8284122987716487,0.4312504768444343,-0.35739681086442354,0.0],[-0.2969710841535058,0.9419699397268635,0.1565575646601053,0.0],[-0.07641718165865563,0.9226672770275426,0.37796597238117036,0.0],[0.23549248493171587,0.8953688868543527,0.37796597238117036,0.0],[0.45604638742656595,0.8760814831769284,0.1565575646601053,0.0],[0.45604638742656595,0.8760814831769284,-0.1565423056382086,0.0],[0.23549248493171587,0.8953688868543527,-0.37795071335927366,0.0],[-0.07641718165865563,0.9226672770275426,-0.37795071335927366,0.0],[-0.2969710841535058,0.9419699397268635,-0.1565423056382086,0.0],[0.5754482337682154,-0.5995269703212024,-0.5562371252002747,0.0],[0.5061264972915236,0.012146181429770352,-0.8623636224917983,0.0],[0.0,0.0,-1.0,0.0],[-0.5358815899900816,-0.3613641565575647,0.7630273899443045,0.0],[-0.5743953612573434,0.324956130312047,0.7513084611276417,0.0],[0.8820477607385366,-0.3613794155794614,-0.30229648279545285,0.0],[0.9063248645761807,0.324956130312047,-0.2701609826810102,0.0]],