{"enclosure_radius": 2.739330128938735,"triangles_verts_poly": [[6,17,5],[6,7,5],[7,18,5],[8,18,5],[8,9,5],[9,10,5],[4,19,2],[0,20,2],[0,1,2],[1,21,2],[3,21,2],[3,4,2],[19,22,2],[20,22,2],[11,23,24,25,26],[13,16,12,14,15],[13,16,26],[13,26,25],[12,13,25],[12,25,24],[12,14,24],[14,24,23],[14,15,23],[15,23,11],[15,16,11],[11,16,26],[10,27,5],[17,27,5]],"min_bounds": [-1.4484321355001144,-0.013244831006332447,-1.4484321355001144,-18724.57143511101],"res_id": 708,"triangles_poly": [[[2,1,0]],[[1,2,0]],[[1,2,0]],[[0,2,1]],[[1,2,0]],[[0,1,2]],[[0,1,2]],[[0,2,1]],[[1,2,0]],[[1,2,0]],[[1,0,2]],[[0,1,2]],[[2,0,1]],[[2,1,0]],[[1,2,0],[4,0,2],[4,2,3]],[[2,3,4],[2,1,0],[1,2,4]],[[0,1,2]],[[2,0,1]],[[0,1,2]],[[2,0,1]],[[1,0,2]],[[2,0,1]],[[2,1,0]],[[1,2,0]],[[2,1,0]],[[0,2,1]],[[0,1,2]],[[1,0,2]]],"max_bounds": [1.4762188143739987,5.414038300144961,1.4762188143739987,-9362.285709925995],"unique_edges": [[6,17],[5,6],[5,17],[6,7],[5,7],[7,18],[5,18],[8,18],[5,8],[8,9],[5,9],[9,10],[5,10],[4,19],[2,19],[2,4],[0,20],[0,2],[2,20],[0,1],[1,2],[1,21],[2,21],[3,21],[2,3],[3,4],[19,22],[2,22],[20,22],[11,23],[23,24],[24,25],[25,26],[11,26],[13,16],[12,13],[12,14],[14,15],[15,16],[16,26],[13,26],[13,25],[12,25],[12,24],[14,24],[14,23],[15,23],[11,15],[11,16],[10,27],[5,27],[17,27]],"name": "Tree","polys": [[0,3,8,1,65535,1,3067833782],[3,3,9,2,65535,1,3681400539],[6,3,10,3,65535,1,1840700269],[9,3,11,4,65535,1,3067833782],[12,3,12,5,65535,1,3681400539],[15,3,13,6,65535,1,1840700269],[18,3,5,7,26,1,3067833782],[21,3,0,8,65535,1,3681400539],[24,3,1,9,65535,1,1840700269],[27,3,2,10,65535,1,3067833782],[30,3,3,11,65535,1,3681400539],[33,3,4,12,65535,1,1840700269],[36,3,6,13,65535,1,3067833782],[39,3,7,14,65535,1,3681400539],[42,5,16,15,65535,1,1840700269],[47,5,17,16,65535,1,3067833782],[52,3,18,17,65535,1,3681400539],[55,3,19,18,65535,1,1840700269],[58,3,20,19,65535,1,3067833782],[61,3,21,20,65535,1,3681400539],[64,3,22,21,65535,1,1840700269],[67,3,23,22,65535,1,3067833782],[70,3,24,23,65535,1,3681400539],[73,3,25,24,65535,1,1840700269],[76,3,26,25,65535,1,3067833782],[79,3,27,65535,65535,1,3681400539],[82,3,14,27,65535,1,1840700269],[85,3,15,65535,65535,1,3067833782]],"enclosure_point": [-0.07768368047608143,2.6785992217898835,0.116411078049897,5.414068818188754],"edges": [0,1,2,3,4,1,5,6,4,7,8,6,9,10,8,11,12,10,13,14,15,16,17,18,19,20,17,21,22,20,23,24,22,25,15,24,26,27,14,28,18,27,29,30,31,32,33,34,35,36,37,38,34,39,40,40,32,41,35,41,42,42,31,43,36,43,44,44,30,45,37,45,46,46,29,47,38,47,48,48,33,39,49,50,12,51,2,50],"vectors": [[-0.8387273975738155,-0.419348439765011,0.34737163347829403,0.0],[-0.3474784466315709,-0.419348439765011,0.8386816205081254,0.0],[0.34732585641260394,-0.419348439765011,0.8387579156176089,0.0],[0.8386816205081254,-0.419348439765011,0.3474937056534676,0.0],[0.8387579156176089,-0.419348439765011,-0.34731059739070724,0.0],[0.3474784466315709,-0.419348439765011,-0.8386816205081254,0.0],[-0.34731059739070724,-0.419348439765011,-0.8387426565957122,0.0],[-0.8386968795300221,-0.4193331807431143,-0.3474326695658808,0.0],[-0.6362554360265507,-0.419348439765011,-0.6475165941863126,0.0],[-0.9077744716563668,-0.419348439765011,-0.0079804684519722,0.0],[-0.647547112230106,-0.419348439765011,0.636240177004654,0.0],[-0.0079804684519722,-0.419348439765011,0.9077897306782635,0.0],[0.636240177004654,-0.419348439765011,0.6475623712520028,0.0],[0.9077897306782635,-0.419348439765011,0.007995727473868924,0.0],[0.6475623712520028,-0.419348439765011,-0.6362249179827573,0.0],[0.007965209430075532,-0.4193331807431143,-0.9077744716563668,0.0],[0.0,1.0,0.0,0.0],[0.0,-1.0,0.0,0.0],[-0.9510490577553978,0.0,-0.30899519340810255,0.0],[-0.5877775234607462,0.0,0.8090180819409476,0.0],[0.5877927824826429,0.0,0.8090180819409476,0.0],[0.9510643167772945,0.0,-0.30899519340810255,0.0],[0.0,0.0,-1.0,0.0]],"points": [[1.048004882887007,1.7414206149385825,-1.0200198367284656,0.0],[0.014023041123064012,1.7414206149385825,-1.4484321355001144,0.0],[0.013885709925993743,4.6660868238345925,0.013885709925993743,1.0],[-1.4484321355001144,1.7414206149385825,0.013748378728923476,1.0],[-1.0202182040131227,1.7414206149385825,1.04780651560235,1.0],[0.013885709925993743,5.414038300144961,0.013885709925993743,1.0],[0.9768978408484016,3.3216296635385674,0.42276646066987106,1.0],[0.983962767986572,3.3216296635385674,-0.37792019531548027,0.0],[-0.37792019531548027,3.3216296635385674,-0.9561608300907912,0.0],[-0.9490959029526207,3.3216296635385674,-0.3949645227740902,1.0],[-0.9561608300907912,3.3216296635385674,0.40570687418936446,1.0],[-0.16897840848401613,-0.013244831006332447,0.22549782558937972,1.0],[0.02780193789578088,1.8807354848554207,-0.3802243076218814,1.0],[0.3462729839017319,1.8807354848554207,-0.14885175860227362,1.0],[-0.29062333104448,1.8807354848554207,-0.14885175860227362,1.0],[-0.16897840848401613,1.8807354848554207,0.22549782558937972,1.0],[0.22462806134126803,1.8807354848554207,0.22549782558937972,1.0],[0.40579842832074464,3.3216296635385674,0.9839169909208819,1.0],[0.42276646066987106,3.3216296635385674,-0.9490959029526207,0.0],[0.01373311970702678,1.7414206149385825,1.4762188143739987,1.0],[1.4762188143739987,1.7414206149385825,0.013885709925993743,1.0],[-1.0200198367284656,1.7414206149385825,-1.0202182040131227,0.0],[1.04780651560235,1.7414206149385825,1.048004882887007,1.0],[-0.29062333104448,-0.013244831006332447,-0.14885175860227362,1.0],[0.02780193789578088,-0.013244831006332447,-0.3802243076218814,0.0],[0.3462729839017319,-0.013244831006332447,-0.14885175860227362,1.0],[0.22462806134126803,-0.013244831006332447,0.22549782558937972,1.0],[-0.3949645227740902,3.3216296635385674,0.9768978408484016,1.0]],"normals": [[0,0,0,1],[1,0,0,1],[2,1,0,1],[3,2,0,1],[4,3,0,1],[5,4,0,1],[6,2,0,1],[7,2,0,1],[8,5,0,1],[9,6,0,1],[10,7,0,1],[11,8,0,1],[12,8,0,1],[13,9,0,1],[14,10,0,1],[15,5,0,1],[16,11,1,1],[17,12,1,1],[18,13,1,1],[18,13,1,1],[19,12,1,1],[19,12,1,1],[20,14,1,1],[20,14,1,1],[21,15,1,1],[21,11,1,1],[22,16,1,1],[22,16,1,1]],"colors": [[0.4921259842519685,0.0,0.0,0.0],[0.0,0.4921259842519685,0.0,0.0]]}