{"enclosure_radius": 11.204043640802624,"triangles_verts_poly": [[0,15,16],[0,16,17],[0,17,1],[0,1,18],[0,18,2],[0,2,3],[0,3,4],[0,4,15],[5,6,19],[6,19,7],[6,8,7],[7,8,20],[0,5,6],[0,6,8],[8,9,20],[9,20,21],[0,8,9],[9,10,21],[10,21,22],[0,9,10],[10,11,22],[11,22,23],[0,10,11],[11,12,23],[12,23,24],[0,11,12],[12,13,24],[13,24,14],[0,12,13],[5,13,14],[5,14,19],[0,13,5]],"min_bounds": [-9.937651636530099,-0.010910200656137903,-9.905973907072557,28086.857145037004],"res_id": 710,"triangles_poly": [[[1,2,0]],[[0,1,2]],[[0,1,2]],[[0,1,2]],[[0,1,2]],[[2,0,1]],[[1,2,0]],[[1,2,0]],[[1,0,2]],[[2,0,1]],[[1,0,2]],[[2,1,0]],[[0,1,2]],[[2,0,1]],[[2,1,0]],[[1,2,0]],[[1,2,0]],[[2,1,0]],[[1,2,0]],[[1,2,0]],[[0,2,1]],[[1,2,0]],[[1,2,0]],[[0,2,1]],[[1,2,0]],[[0,1,2]],[[0,2,1]],[[2,0,1]],[[0,1,2]],[[0,1,2]],[[2,0,1]],[[0,1,2]]],"max_bounds": [10.027771419851987,3.43750667582208,9.965575646601053,-18724.57143511101],"unique_edges": [[0,15],[15,16],[0,16],[16,17],[0,17],[1,17],[0,1],[1,18],[0,18],[2,18],[0,2],[2,3],[0,3],[3,4],[0,4],[4,15],[5,6],[5,19],[6,19],[7,19],[6,7],[6,8],[7,8],[7,20],[8,20],[0,5],[0,6],[0,8],[8,9],[9,20],[20,21],[9,21],[0,9],[9,10],[10,21],[21,22],[10,22],[0,10],[10,11],[11,22],[22,23],[11,23],[0,11],[11,12],[12,23],[23,24],[12,24],[0,12],[12,13],[13,24],[14,24],[13,14],[0,13],[5,13],[5,14],[14,19]],"name": "Hill","polys": [[0,3,0,1,65535,1,3681400539],[3,3,1,2,65535,1,1840700269],[6,3,2,3,65535,1,3067833782],[9,3,3,4,65535,1,3681400539],[12,3,4,5,65535,1,1840700269],[15,3,5,6,65535,1,3067833782],[18,3,6,7,65535,1,3681400539],[21,3,7,8,65535,1,1840700269],[24,3,8,9,65535,1,3067833782],[27,3,9,10,65535,1,3681400539],[30,3,10,11,65535,1,1840700269],[33,3,11,12,65535,1,3067833782],[36,3,12,13,65535,1,3681400539],[39,3,13,14,65535,1,1840700269],[42,3,14,15,65535,1,3067833782],[45,3,15,16,65535,1,3681400539],[48,3,16,17,65535,1,1840700269],[51,3,17,18,65535,1,3067833782],[54,3,18,19,65535,1,3681400539],[57,3,19,20,65535,1,1840700269],[60,3,20,21,65535,1,3067833782],[63,3,21,22,65535,1,3681400539],[66,3,22,23,65535,1,1840700269],[69,3,23,24,65535,1,3067833782],[72,3,24,25,65535,1,3681400539],[75,3,25,26,65535,1,1840700269],[78,3,26,27,65535,1,3067833782],[81,3,27,28,65535,1,3681400539],[84,3,28,29,65535,1,1840700269],[87,3,29,30,65535,1,3067833782],[90,3,30,31,65535,1,3681400539],[93,3,31,65535,65535,1,1840700269]],"enclosure_point": [0.053238727397573814,-0.010910200656137903,0.06388952468146791,11.269993133440147],"edges": [0,1,2,2,3,4,4,5,6,6,7,8,8,9,10,10,11,12,12,13,14,14,15,0,16,17,18,18,19,20,21,20,22,22,23,24,25,16,26,26,21,27,28,24,29,29,30,31,27,28,32,33,31,34,34,35,36,32,33,37,38,36,39,39,40,41,37,38,42,43,41,44,44,45,46,42,43,47,48,46,49,49,50,51,47,48,52,53,51,54,54,55,17,52,53,25],"vectors": [[0.0,-1.0,0.0,0.0],[-0.5636530098420691,-0.7922178988326848,0.23381399252307927,0.0],[-0.5037613488975357,-0.7075455863279163,0.495551995117113,0.0],[-0.2305027847714961,-0.7971465629053178,0.5580376897840849,0.0],[-0.0003356984817273201,-0.6351873044937819,0.7723506523231861,0.0],[0.23109788662546732,-0.7979552910658427,0.5566338597695888,0.0],[0.49462119478141453,-0.7129472800793469,0.49703212024109256,0.0],[0.5546807049668117,-0.7998321507591364,0.22931258106355382,0.0],[0.767330434119173,-0.6412451361867704,0.0005188067444876783,0.0],[0.5548485542076753,-0.7994659342336157,-0.2301365682459754,0.0],[0.49494163424124515,-0.7094071869993133,-0.5017471580071717,0.0],[0.23396658274204624,-0.7908903639276722,-0.5654383154039826,0.0],[0.0007019150072480354,-0.6154879072251469,-0.7881284809643702,0.0],[-0.23508049134050513,-0.7892881666285191,-0.5672083619439994,0.0],[-0.5015945677882048,-0.7025406271457999,-0.5047684443427176,0.0],[-0.5648432135500114,-0.7913176165407797,-0.2339055466544594,0.0],[-0.7830472266727703,-0.6219272144655528,-0.0008545052262149966,0.0]],"points": [[0.11543450064850844,3.43750667582208,0.10016021972991532,1.0],[0.13998626688029298,3.43750667582208,0.12466620889600977,1.0],[0.13995574883649958,3.43750667582208,0.07560845349813076,1.0],[0.11541924162661174,3.43750667582208,0.06546120393682765,1.0],[0.09089799343862058,3.43750667582208,0.07562371252002746,1.0],[7.283161669336995,3.43750667582208,0.10016021972991532,1.0],[5.178530556191348,3.43750667582208,-4.973434042877852,1.0],[5.174441138323034,-0.010910200656137903,-9.901258869306478,1.0],[0.10905622949568933,3.43750667582208,-7.067536430914778,1.0],[-4.956649118791486,3.43750667582208,-4.964415960936904,1.0],[-7.052262149996185,3.43750667582208,0.10440222781719692,1.0],[-4.950652323186084,3.43750667582208,5.17076371404593,1.0],[0.11755550469214923,3.43750667582208,7.267887388418402,1.0],[5.184542610818647,3.43750667582208,5.167757686732281,1.0],[10.016327153429465,-0.010910200656137903,5.165850308995194,1.0],[0.08073548485542077,3.43750667582208,0.10016021972991532,1.0],[0.09092851148241397,3.43750667582208,0.12471198596169986,1.0],[0.11546501869230183,3.43750667582208,0.13485923552300297,1.0],[0.1501335164415961,3.43750667582208,0.10014496070801862,1.0],[10.027771419851987,-0.010910200656137903,-4.96743724727245,1.0],[-4.9615777828641185,-0.010910200656137903,-9.905973907072557,1.0],[-9.930663004501412,-0.010910200656137903,-4.961043717097734,1.0],[-9.937651636530099,-0.010910200656137903,5.127122911421377,1.0],[-5.041840238040741,-0.010910200656137903,9.956359197375448,1.0],[5.18619058518349,-0.010910200656137903,9.965575646601053,1.0]],"normals": [[0,0,0,1],[0,0,0,1],[0,1,0,1],[0,0,0,1],[0,2,0,1],[0,3,0,1],[0,4,0,1],[0,0,0,1],[1,5,0,1],[2,6,0,1],[3,7,0,1],[4,8,0,1],[0,0,0,1],[0,0,0,1],[5,9,0,1],[6,9,0,1],[0,0,0,1],[7,10,0,1],[8,10,0,1],[0,0,0,1],[9,11,0,1],[10,11,0,1],[0,0,0,1],[11,12,0,1],[12,12,0,1],[0,0,0,1],[13,13,0,1],[14,14,0,1],[0,13,0,1],[15,5,0,1],[16,14,0,1],[0,0,0,1]],"colors": [[1.0,1.0,0.0,1.0]]}