{"enclosure_radius": 1.0118867780575265,"triangles_verts_poly": [[6,8,16],[7,17,6],[0,18,1],[2,19,20],[13,21,22],[15,23,24],[10,25,26],[6,27,8,28],[13,22,29,30,31,32],[23,33,34,35,36],[24,37,35,36],[31,38,32],[34,39,36],[37,40,39,41,36],[27,42,28,43],[10,26,11,44],[40,45,41],[12,46,21,22],[2,47,3,48],[12,22,30],[20,47,48],[7,42,43],[0,49,18],[50,51,25,26],[4,52,5,53],[4,5,54],[26,51,44],[52,55,53],[8,16,9],[38,56,57],[14,58,59],[60,61,62],[29,61,56,62,57],[59,63,33,39],[58,63,45,39]],"min_bounds": [-0.5188677805752651,-0.02293430991073475,-0.4407721065079728,3.0518043793392844e-05],"res_id": 714,"triangles_poly": [[[2,1,0]],[[2,0,1]],[[0,1,2]],[[0,1,2]],[[0,2,1]],[[0,2,1]],[[0,2,1]],[[0,2,1],[3,1,2]],[[0,2,5],[0,5,4],[4,3,1],[4,1,0]],[[0,3,4],[0,2,1],[2,0,4]],[[2,0,3],[1,3,0]],[[2,1,0]],[[0,2,1]],[[2,4,0],[0,1,3],[0,3,2]],[[0,2,1],[3,1,2]],[[1,0,2],[2,3,1]],[[2,0,1]],[[2,3,0],[0,1,2]],[[2,0,1],[1,3,2]],[[1,2,0]],[[2,1,0]],[[2,0,1]],[[0,1,2]],[[1,0,3],[2,3,0]],[[0,1,2],[3,2,1]],[[0,1,2]],[[0,2,1]],[[0,1,2]],[[1,2,0]],[[2,1,0]],[[2,1,0]],[[1,0,2]],[[0,1,3],[4,3,2],[3,4,0]],[[0,2,1],[3,1,2]],[[1,3,2],[2,0,1]]],"max_bounds": [0.34143587396047914,2.0003662165255207,0.21167315175097276,0.0017090104524299992],"unique_edges": [[6,8],[6,16],[8,16],[7,17],[6,17],[6,7],[0,18],[1,18],[0,1],[2,19],[19,20],[2,20],[13,21],[13,22],[21,22],[15,23],[15,24],[23,24],[10,25],[10,26],[25,26],[6,27],[8,28],[27,28],[13,29],[30,31],[29,32],[22,30],[31,32],[23,33],[33,34],[23,35],[34,36],[35,36],[24,37],[24,35],[36,37],[31,38],[32,38],[34,39],[36,39],[37,40],[39,41],[40,41],[27,42],[28,43],[42,43],[10,11],[11,44],[26,44],[40,45],[41,45],[12,46],[21,46],[12,22],[2,47],[3,48],[2,3],[47,48],[12,30],[20,47],[20,48],[7,42],[7,43],[0,49],[18,49],[50,51],[25,50],[26,51],[4,52],[5,53],[4,5],[52,53],[5,54],[4,54],[44,51],[52,55],[53,55],[9,16],[8,9],[38,56],[38,57],[56,57],[14,58],[14,59],[58,59],[60,61],[60,62],[61,62],[29,61],[56,62],[29,57],[59,63],[33,59],[33,39],[39,63],[58,63],[45,58],[39,45]],"name": "DeadTree","polys": [[0,3,8,1,28,3,27868396],[3,3,6,2,23,3,27868420],[6,3,1,3,21,3,27868444],[9,3,2,4,17,3,27866896],[12,3,12,5,6,3,27866920],[15,3,15,65535,65535,3,27866968],[18,3,10,7,14,3,27867016],[21,4,7,8,11,3,0],[25,6,13,9,10,3,0],[31,5,15,65535,65535,3,3944497965],[36,4,15,65535,65535,3,0],[40,3,13,12,13,3,2147483648],[43,3,15,65535,65535,3,0],[46,5,15,65535,65535,3,2036821870],[51,4,7,15,16,3,0],[55,4,11,65535,65535,3,0],[59,3,15,65535,65535,3,28133232],[62,4,12,18,19,3,0],[66,4,3,65535,65535,3,27867184],[70,3,13,65535,20,3,27867208],[73,3,3,65535,65535,3,27729460],[76,3,7,22,65535,3,27867532],[79,3,0,65535,65535,3,27867148],[82,4,10,24,26,3,27729556],[86,4,4,65535,25,3,27729736],[90,3,5,65535,65535,3,27867268],[93,3,11,65535,27,3,27867292],[96,3,4,65535,65535,3,27867316],[99,3,9,29,30,3,27867340],[102,3,13,65535,65535,3,27867364],[105,3,14,31,32,3,27867388],[108,3,13,65535,65535,3,27867412],[111,5,13,33,34,3,27867436],[116,4,15,65535,65535,3,393223],[120,4,15,65535,65535,3,917519]],"enclosure_point": [-0.0176852063782712,0.9887083237964447,0.0013427939269092851,2.0004730296787976],"edges": [0,1,2,3,4,5,6,7,8,9,10,11,12,13,14,15,16,17,18,19,20,21,0,22,23,13,24,25,26,27,28,29,30,31,32,33,34,35,36,33,37,38,28,39,32,40,41,42,43,36,40,44,45,46,23,19,47,48,49,50,51,43,52,53,54,14,55,56,57,58,54,59,27,60,61,58,62,63,46,64,65,6,66,67,68,20,69,70,71,72,71,73,74,68,75,49,76,77,72,2,78,79,80,81,82,83,84,85,86,87,88,89,90,91,82,88,92,93,94,95,96,97,98,95],"vectors": [[-0.33592736705577175,-0.6685282673380637,0.6634775310902571,0.0],[0.33528648813611045,-0.7734493018997483,0.5379110399023422,0.0],[-0.15761043717097734,-0.3562066071564812,0.9210193026626993,0.0],[0.5140306706340123,-0.3916838330663005,0.7631189440756847,0.0],[0.3732661936369879,-0.8389868009460594,0.39591058213168534,0.0],[0.31569390402075226,-0.903593499656672,-0.2895094224460212,0.0],[0.5678187228198672,0.0073701075761043715,-0.8231021591515983,0.0],[-0.6357518883039597,-0.018966964217593696,-0.7716487373159381,0.0],[-0.6163424124513619,0.09114213778896772,-0.7821622034027619,0.0],[0.5654993514915694,-0.1009536888685435,-0.8185397116044861,0.0],[-0.34013885709925995,-0.2708781567101549,-0.9004959182116427,0.0],[0.350789654383154,0.2793621728847181,-0.893797207598993,0.0],[-0.5115281910429541,-0.31398489356832227,-0.7998168917372397,0.0],[0.28986037994964525,-0.6675211718928817,-0.6858167391470207,0.0],[0.6928206301976043,-0.1986114290074006,0.6932173647669184,0.0],[-0.1484702830548562,-0.30264744029907686,0.9414663920042725,0.0]],