{"enclosure_radius": 1.083329518577859,"triangles_verts_poly": [[7,8,9,0],[1,10,11,5],[12,13,14,2],[3,15,16,6],[4,7,0],[1,4,5],[4,12,2],[3,4,6],[5,11,8,7],[2,14,10,1],[6,16,13,12],[0,9,15,3],[4,5,7],[2,4,1],[4,6,12],[0,4,3]],"min_bounds": [-1.0833142595559626,-0.006927595941100151,-1.0833142595559626,0.0],"res_id": 717,"triangles_poly": [[[1,2,0],[3,0,2]],[[1,2,0],[3,0,2]],[[1,2,3],[3,0,1]],[[1,2,0],[3,0,2]],[[0,1,2]],[[0,2,1]],[[1,2,0]],[[2,1,0]],[[1,2,3],[3,0,1]],[[1,2,0],[3,0,2]],[[1,2,0],[3,0,2]],[[1,2,3],[3,0,1]],[[0,1,2]],[[0,2,1]],[[1,2,0]],[[1,0,2]]],"max_bounds": [1.083329518577859,1.0763866636148622,1.083329518577859,0.0],"unique_edges": [[7,8],[8,9],[0,9],[0,7],[1,10],[10,11],[5,11],[1,5],[12,13],[13,14],[2,14],[2,12],[3,15],[15,16],[6,16],[3,6],[4,7],[0,4],[1,4],[4,5],[4,12],[2,4],[3,4],[4,6],[8,11],[5,7],[10,14],[1,2],[13,16],[6,12],[9,15],[0,3]],"name": "Shell","polys": [[0,4,0,1,65535,1,27581792],[4,4,1,2,65535,1,27593072],[8,4,2,3,65535,1,27446132],[12,4,3,4,65535,1,27446312],[16,3,4,5,65535,1,27593096],[19,3,5,6,65535,1,27581540],[22,3,6,7,65535,1,27593144],[25,3,7,8,65535,1,27581444],[28,4,8,9,65535,1,27581756],[32,4,9,10,65535,1,27593216],[36,4,10,11,65535,1,27581768],[40,4,11,12,65535,1,27581456],[44,3,12,13,65535,1,27571376],[47,3,13,14,65535,1,27573944],[50,3,14,15,65535,1,27573956],[53,3,15,65535,65535,1,27573968]],"enclosure_point": [0.0,-0.006927595941100151,0.0,1.0833447775997558],"edges": [0,1,2,3,4,5,6,7,8,9,10,11,12,13,14,15,16,3,17,18,7,19,20,11,21,22,15,23,6,24,0,25,10,26,4,27,14,28,8,29,2,30,12,31,19,25,16,21,27,18,23,29,20,17,31,22],"vectors": [[-0.8628519111924926,-0.35738155184252685,-0.35738155184252685,0.0],[0.3573968108644236,-0.35738155184252685,-0.8628519111924926,0.0],[0.8628671702143893,-0.35738155184252685,0.3573968108644236,0.0],[-0.35738155184252685,-0.35738155184252685,0.8628671702143893,0.0],[-0.37795071335927366,-0.9124742504005493,-0.1565423056382086,0.0],[0.1565575646601053,-0.9124742504005493,-0.37795071335927366,0.0],[0.37796597238117036,-0.9124742504005493,0.1565575646601053,0.0],[-0.1565423056382086,-0.9124742504005493,0.37796597238117036,0.0],[-0.35738155184252685,-0.35738155184252685,-0.8628519111924926,0.0],[0.8628671702143893,-0.35738155184252685,-0.35738155184252685,0.0],[0.3573968108644236,-0.35738155184252685,0.8628671702143893,0.0],[-0.8628519111924926,-0.35738155184252685,0.3573968108644236,0.0],[-0.1565423056382086,-0.9124742504005493,-0.37795071335927366,0.0],[0.37796597238117036,-0.9124742504005493,-0.1565423056382086,0.0],[0.1565575646601053,-0.9124742504005493,0.37796597238117036,0.0],[-0.37795071335927366,-0.9124742504005493,0.1565575646601053,0.0]],"points": [[0.7660334172579538,0.7590905622949569,0.0,1.0],[-0.541649500267033,0.7590905622949569,0.5416647592889295,1.0],[-0.766018158236057,0.7590905622949569,0.0,1.0],[0.5416647592889295,0.7590905622949569,-0.541649500267033,1.0],[0.0,1.0763866636148622,0.0,1.0],[0.0,0.7590905622949569,0.7660334172579538,1.0],[0.0,0.7590905622949569,-0.766018158236057,1.0],[0.5416647592889295,0.7590905622949569,0.5416647592889295,1.0],[0.7660334172579538,-0.006927595941100151,0.7660334172579538,1.0],[1.083329518577859,-0.006927595941100151,0.0,1.0],[-0.766018158236057,-0.006927595941100151,0.7660334172579538,1.0],[0.0,-0.006927595941100151,1.083329518577859,1.0],[-0.541649500267033,0.7590905622949569,-0.541649500267033,1.0],[-0.766018158236057,-0.006927595941100151,-0.766018158236057,1.0],[-1.0833142595559626,-0.006927595941100151,0.0,1.0],[0.7660334172579538,-0.006927595941100151,-0.766018158236057,1.0],[0.0,-0.006927595941100151,-1.0833142595559626,1.0]],"normals": [[0,0,0,1],[1,1,0,1],[2,2,0,1],[3,3,0,1],[4,4,0,1],[5,5,0,1],[6,4,0,1],[7,6,0,1],[8,5,1,1],[9,2,1,1],[10,6,1,1],[11,0,1,1],[12,5,1,1],[13,1,1,1],[14,6,1,1],[15,3,1,1]],"colors": [[0.0,1.0,0.0,0.0],[1.0,1.0,0.0,1.0]]}