{"enclosure_radius": 0.9420614938582437,"triangles_verts_poly": [[0,8,29],[1,8,0],[1,8,25],[1,30,0],[0,9,29],[10,29,8],[1,25,30],[0,30,9],[9,29,10],[8,10,25],[9,25,30],[10,25,9],[11,16,17],[16,17,12],[12,15,16],[12,15,13],[12,14,13],[12,14,31],[13,14,32],[13,15,19],[15,16,33],[11,16,20],[13,32,19],[15,19,33],[16,33,20],[11,20,21],[19,33,24],[24,33,20],[12,31,24],[23,31,24],[19,24,32],[23,32,24],[20,22,21],[12,17,22],[12,22,24],[20,24,22],[17,21,11],[17,22,21],[2,34,35],[2,35,3],[4,34,2],[3,35,6],[7,34,4],[3,6,27],[7,18,4],[6,27,26],[18,36,7],[26,27,28],[5,28,18],[28,36,18],[26,28,36],[2,5,3],[2,4,5],[5,18,4],[3,5,27],[5,27,28]],"min_bounds": [-0.19998474097810326,-0.6099794003204395,-0.6899824521248188,32767.49999237049],"polys": [[0,3,0,1,65535,1,2147450879],[3,3,1,2,65535,1,2147450879],[6,3,9,3,65535,1,2147450879],[9,3,10,4,65535,1,2147450879],[12,3,11,5,38,1,2147450879],[15,3,12,6,12,1,2147450879],[18,3,43,7,65535,1,2147450879],[21,3,44,8,65535,1,2147450879],[24,3,45,9,65535,1,2147450879],[27,3,46,10,65535,1,2147450879],[30,3,54,11,65535,1,2147450879],[33,3,55,65535,65535,1,2147450879],[36,3,13,13,65535,1,2147450879],[39,3,14,14,65535,1,2147450879],[42,3,15,15,65535,1,2147450879],[45,3,16,16,65535,1,2147450879],[48,3,17,17,65535,1,2147450879],[51,3,18,18,65535,1,2147450879],[54,3,19,19,65535,1,2147450879],[57,3,20,20,65535,1,2147450879],[60,3,21,21,65535,1,2147450879],[63,3,22,22,65535,1,2147450879],[66,3,30,23,65535,1,2147450879],[69,3,31,24,65535,1,2147450879],[72,3,32,25,65535,1,2147450879],[75,3,33,26,65535,1,2147450879],[78,3,37,27,65535,1,2147450879],[81,3,38,28,65535,1,2147450879],[84,3,25,29,32,1,2147450879],[87,3,36,65535,30,2,2147450879],[90,3,41,31,65535,1,2147450879],[93,3,42,65535,65535,1,2147450879],[96,3,39,33,65535,1,2147450879],[99,3,24,34,36,1,2147450879],[102,3,35,35,65535,1,2147450879],[105,3,40,65535,65535,1,2147450879],[108,3,23,37,65535,2,2147450879],[111,3,34,65535,65535,2,2147450879],[114,3,2,39,65535,1,2147450879],[117,3,3,40,65535,1,2147450879],[120,3,4,41,65535,1,2147450879],[123,3,7,42,65535,1,2147450879],[126,3,8,43,65535,1,2147450879],[129,3,26,44,65535,1,2147450879],[132,3,27,45,65535,1,2147450879],[135,3,47,46,65535,1,2147450879],[138,3,48,47,65535,1,2147450879],[141,3,51,48,65535,1,2147450879],[144,3,49,49,51,1,2147450879],[147,3,52,50,65535,1,2147450879],[150,3,53,65535,65535,1,2147450879],[153,3,5,65535,52,1,2147450879],[156,3,6,65535,53,1,1736703],[159,3,28,65535,54,1,2147450879],[162,3,29,65535,55,1,2147450879],[165,3,50,65535,65535,1,2147450879]],"edges": [0,1,2,3,0,4,3,5,6,7,4,8,9,2,10,11,1,12,5,7,13,8,9,14,10,11,15,12,6,16,17,13,14,16,17,15,18,19,20,19,21,22,23,21,24,23,25,26,27,26,28,27,29,30,28,31,32,25,33,34,24,35,36,18,37,38,31,34,39,33,36,40,35,38,41,37,42,43,40,44,45,44,41,46,30,47,48,49,47,50,45,51,39,52,51,50,53,43,54,22,55,56,55,48,57,46,53,57,58,20,42,56,58,54,59,60,61,61,62,63,64,59,65,62,66,67,68,64,69,67,70,71,72,69,73,70,74,75,76,77,72,75,78,79,80,81,82,83,76,81,78,84,83,85,63,86,65,85,87,82,73,87,86,71,88,88,79,80],"points": [[-0.19998474097810326,0.2,0.009994659342336155,1.0],[-0.19998474097810326,0.2,-0.6899824521248188,1.0],[-0.14998092622262915,0.0,1.0099946593423361,1.0],[-0.07498283360036617,-0.1299763485160601,1.0099946593423361,1.0],[-0.07498283360036617,0.12999160753795683,1.0099946593423361,1.0],[0.0,0.0,0.7500114442664225,1.0],[0.0,-0.14998092622262915,0.009994659342336155,1.0],[0.0,0.14999618524452582,0.009994659342336155,0.0],[-0.19998474097810326,-0.19998474097810326,-0.6899824521248188,1.0],[0.2,0.2,0.009994659342336155,0.0],[0.2,-0.19998474097810326,0.009994659342336155,1.0],[-0.049973296711680826,-0.4699778744182498,-0.5899900816357672,1.0],[-0.049973296711680826,-0.32997634851606017,-0.3799801632715343,1.0],[-0.049973296711680826,-0.339986266880293,-0.2099794003204395,1.0],[-0.049973296711680826,-0.19998474097810326,-0.1699855039291981,1.0],[-0.049973296711680826,-0.5099870298313878,-0.28998245212481877,1.0],[-0.049973296711680826,-0.6099794003204395,-0.49999237048905165,1.0],[-0.049973296711680826,-0.4399786373693446,-0.4799877927824826,1.0],[0.07499809262226291,0.12999160753795683,1.0099946593423361,1.0],[0.04998855573357748,-0.339986266880293,-0.2099794003204395,1.0],[0.04998855573357748,-0.6099794003204395,-0.49999237048905165,1.0],[0.04998855573357748,-0.4699778744182498,-0.5899900816357672,1.0],[0.04998855573357748,-0.4399786373693446,-0.4799877927824826,0.0],[0.04998855573357748,-0.19998474097810326,-0.3799801632715343,1.0],[0.04998855573357748,-0.32997634851606017,-0.3799801632715343,1.0],[0.2,-0.19998474097810326,-0.6899824521248188,1.0],[0.12999160753795683,-0.07498283360036617,0.009994659342336155,1.0],[0.07499809262226291,-0.1299763485160601,1.0099946593423361,1.0],[0.14999618524452582,0.0,1.0099946593423361,1.0],[-0.19998474097810326,-0.19998474097810326,0.009994659342336155,1.0],[0.2,0.2,-0.6899824521248188,1.0],[-0.049973296711680826,-0.19998474097810326,-0.3799801632715343,1.0],[0.04998855573357748,-0.19998474097810326,-0.1699855039291981,0.0],[0.04998855573357748,-0.5099870298313878,-0.28998245212481877,1.0],[-0.1299763485160601,0.07499809262226291,0.009994659342336155,1.0],[-0.1299763485160601,-0.07498283360036617,0.009994659342336155,1.0],[0.12999160753795683,0.07499809262226291,0.009994659342336155,0.0]],"colors": [[1.0,1.0,0.0,1.0]],"normals": [[0,0,0,1],[0,1,0,1],[1,2,0,1],[2,3,0,1],[3,4,0,1],[4,5,0,1],[5,4,0,1],[6,6,0,1],[7,7,0,1],[8,8,0,1],[9,0,0,1],[10,9,0,1],[11,10,0,1],[0,11,0,1],[0,12,0,1],[0,12,0,1],[0,12,0,1],[0,13,0,1],[0,12,0,1],[12,14,0,1],[13,13,0,1],[14,15,0,1],[15,16,0,1],[16,17,0,2],[17,17,0,1],[8,12,0,1],[18,3,0,1],[19,18,0,1],[20,5,0,1],[21,5,0,1],[12,19,0,1],[13,19,0,1],[14,20,0,1],[15,21,0,1],[16,22,0,2],[17,22,0,1],[10,23,0,2],[22,19,0,1],[22,24,0,1],[22,22,0,1],[22,24,0,1],[22,19,0,1],[22,24,0,1],[8,25,0,1],[9,9,0,1],[10,9,0,1],[11,10,0,1],[23,26,0,1],[24,7,0,1],[25,5,0,1],[26,5,0,1],[27,27,0,1],[28,18,0,1],[29,28,0,1],[22,9,0,1],[22,8,0,1]],"res_id": 7875,"enclosure_point": [-0.1657892729076066,0.05871671625848783,0.12439154650186923,1.0210727092393377],"unique_edges": [[0,8],[8,29],[0,29],[1,8],[0,1],[1,25],[8,25],[1,30],[0,30],[0,9],[9,29],[10,29],[8,10],[25,30],[9,30],[9,10],[10,25],[9,25],[11,16],[16,17],[11,17],[12,16],[12,17],[12,15],[15,16],[13,15],[12,13],[12,14],[13,14],[14,31],[12,31],[13,32],[14,32],[15,19],[13,19],[16,33],[15,33],[11,20],[16,20],[19,32],[19,33],[20,33],[11,21],[20,21],[24,33],[19,24],[20,24],[24,31],[12,24],[23,31],[23,24],[24,32],[23,32],[20,22],[21,22],[12,22],[17,22],[22,24],[17,21],[2,34],[34,35],[2,35],[3,35],[2,3],[4,34],[2,4],[6,35],[3,6],[7,34],[4,7],[6,27],[3,27],[7,18],[4,18],[6,26],[26,27],[18,36],[7,36],[26,28],[27,28],[5,28],[18,28],[5,18],[28,36],[26,36],[2,5],[3,5],[4,5],[5,27]],