{"enclosure_radius": 1.0139009689478904,"triangles_verts_poly": [[1,17,18,15,19,20,12,0],[1,9,7,6,4,21,22,0],[0,10,11,13,14,23,16,1],[0,12,10],[17,23,16],[18,23,17],[13,15,14],[13,19,15],[16,17,1],[10,20,11],[10,12,20],[11,19,13],[11,20,19],[14,18,23],[14,15,18],[0,2,24,3,5,8,25,1],[0,22,2],[8,9,25],[7,8,9],[3,6,5],[3,4,6],[9,25,1],[2,21,24],[2,22,21],[4,24,3],[21,24,4],[5,7,8],[5,6,7]],"min_bounds": [-0.4951247425040055,-0.1606469825284199,-0.8774700541695277,3.0],"res_id": 803,"triangles_poly": [[[1,3,0],[3,1,2],[0,4,7],[4,0,3],[5,7,4],[6,7,5]],[[0,3,4],[2,3,1],[0,1,3],[5,6,7],[4,7,0],[7,4,5]],[[7,3,4],[3,7,0],[6,4,5],[4,6,7],[0,1,2],[2,3,0]],[[0,1,2]],[[0,2,1]],[[2,1,0]],[[1,2,0]],[[2,0,1]],[[1,2,0]],[[1,2,0]],[[2,0,1]],[[1,2,0]],[[2,0,1]],[[0,1,2]],[[1,2,0]],[[6,7,4],[4,5,6],[4,7,3],[3,0,2],[0,3,7],[1,2,0]],[[0,1,2]],[[1,2,0]],[[2,1,0]],[[1,2,0]],[[2,0,1]],[[1,0,2]],[[1,2,0]],[[2,0,1]],[[0,2,1]],[[2,1,0]],[[2,0,1]],[[0,1,2]]],"max_bounds": [0.4951400015259022,0.12605477988860914,0.8738536659800107,-5661.786114290074],"unique_edges": [[1,17],[17,18],[15,18],[15,19],[19,20],[12,20],[0,12],[0,1],[1,9],[7,9],[6,7],[4,6],[4,21],[21,22],[0,22],[0,10],[10,11],[11,13],[13,14],[14,23],[16,23],[1,16],[10,12],[17,23],[16,17],[18,23],[13,15],[14,15],[13,19],[10,20],[11,20],[11,19],[14,18],[0,2],[2,24],[3,24],[3,5],[5,8],[8,25],[1,25],[2,22],[8,9],[9,25],[7,8],[3,6],[5,6],[3,4],[2,21],[21,24],[4,24],[5,7]],"name": "Seeker","polys": [[0,8,0,1,15,1,3220832256],[8,8,1,65535,2,1,3232647245],[16,8,2,3,65535,1,2456871593],[24,3,16,4,65535,1,3220832256],[27,3,25,5,65535,1,2333296592],[30,3,26,6,65535,1,752239716],[33,3,21,7,9,1,1073610752],[36,3,22,8,65535,1,2609760680],[39,3,27,65535,65535,1,2672471390],[42,3,17,10,13,1,2173085573],[45,3,18,11,65535,1,1876910751],[48,3,19,12,65535,1,3220701184],[51,3,20,65535,65535,1,2967094414],[54,3,23,14,65535,1,2624798042],[57,3,24,65535,65535,1,3220963328],[60,8,3,16,65535,1,3206123898],[68,3,4,17,65535,1,1772854131],[71,3,13,18,65535,1,3221094400],[74,3,14,19,65535,1,2164240117],[77,3,9,20,22,1,4082428587],[80,3,10,21,65535,1,3220897792],[83,3,15,65535,65535,1,3157014794],[86,3,5,23,26,1,3400701734],[89,3,6,24,65535,1,3220963328],[92,3,7,25,65535,1,3293111248],[95,3,8,65535,65535,1,1490332069],[98,3,11,27,65535,1,3221094400],[101,3,12,65535,65535,1,36476]],"enclosure_point": [-0.08926527809567408,-0.01756313420309763,-0.048920424200808776,1.0077668421454185],"edges": [0,1,2,3,4,5,6,7,8,9,10,11,12,13,14,7,15,16,17,18,19,20,21,7,6,22,15,23,24,20,25,1,23,26,27,18,28,3,26,24,0,21,29,30,16,22,5,29,31,28,17,30,4,31,32,25,19,27,2,32,33,34,35,36,37,38,39,7,14,40,33,41,42,38,43,9,41,44,45,36,46,11,44,42,8,39,47,48,34,40,13,47,49,46,35,48,12,49,50,43,37,45,10,50],"vectors": [[0.13913176165407798,0.9848630502784772,-0.1034866865033951,0.0],[-0.13911650263218123,-0.9848477912565805,0.10350194552529182,0.0],[0.13916227969787137,-0.9848325322346838,0.10350194552529182,0.0],[-0.13914702067597462,0.9848477912565805,-0.1034866865033951,0.0],[-0.8961470969710842,-0.04638742656595707,-0.4412756542305638,0.0],[1.0,3.0518043793392844e-05,0.0,0.0],[1.0,1.5259021896696422e-05,0.0,0.0],[0.8961623559929809,0.04640268558785382,0.4412909132524605,0.0],[0.8961776150148776,-0.04632639047837028,-0.4412756542305638,0.0],[0.8961776150148776,-0.04634164950026698,-0.4412756542305638,0.0],[-0.7105363546196688,-0.07356374456397341,-0.6997787441824979,0.0],[-0.7105363546196688,-0.07354848554207671,-0.6997787441824979,0.0],[-0.8539253833829251,0.05436789501792935,0.5175402456702526,0.0],[-0.9999847409781033,0.0,0.0,0.0],[-0.9999847409781033,-1.5259021896696368e-05,0.0,0.0],[-0.8961470969710842,0.04632639047837034,0.4413061722743572,0.0],[-0.8961623559929809,0.04635690852216373,0.4412909132524605,0.0],[-0.8961623559929809,-0.046402685587853765,-0.4412756542305638,0.0],[0.7105516136415656,-0.07350270847638662,-0.6997787441824979,0.0],[0.7105516136415656,-0.07351796749828332,-0.6997787441824979,0.0],[0.8539406424048218,0.05441367208361944,0.5175402456702526,0.0]],"points": [[0.0,0.03918516823071641,0.37294575417715725,1.0],[0.0,-0.006515602349889349,-0.06213473716334783,1.0],[-0.24754711223010606,0.05685511558709087,0.8738536659800107,1.0],[-0.12376592660410468,-0.0042114900434881974,0.12613107499809262,1.0],[-0.12376592660410468,0.030350194552529183,0.12248416876478217,1.0],[-0.24754711223010606,-0.04763866636148628,-0.12065308613717862,1.0],[-0.24754711223010606,0.021515220874341955,-0.1279316395819028,1.0],[-0.4951247425040055,0.08224612802319371,0.11703669794766156,1.0],[-0.4951247425040055,-0.05612268253604946,0.13157854581521325,1.0],[-0.4951247425040055,-0.022247653925383415,-0.8774700541695277,1.0],[0.24756237125200276,0.12605477988860914,0.8665751125352865,1.0],[0.24756237125200276,0.0737926298924239,0.3693141069657435,1.0],[0.24756237125200276,0.05685511558709087,0.8738536659800107,1.0],[0.12378118562600138,0.03036545357442588,0.12248416876478217,1.0],[0.24756237125200276,0.02153047989623865,-0.1279316395819028,1.0],[0.24756237125200276,-0.04763866636148628,-0.12065308613717862,1.0],[0.4951400015259022,-0.02223239490348672,-0.8774700541695277,1.0],[0.4951400015259022,-0.16063172350652322,-0.8629282063019761,1.0],[0.4951400015259022,-0.05609216449225607,0.13157854581521325,1.0],[0.12378118562600138,-0.0042114900434881974,0.12613107499809262,1.0],[0.24756237125200276,0.004592965590905623,0.376577401388571,1.0],[-0.24754711223010606,0.0737773708705272,0.3693141069657435,1.0],[-0.24754711223010606,0.12605477988860914,0.8665751125352865,1.0],[0.4951400015259022,0.08226138704509041,0.11703669794766156,1.0],[-0.24754711223010606,0.004592965590905623,0.376577401388571,1.0],[-0.4951247425040055,-0.1606469825284199,-0.8629282063019761,1.0]],"normals": [[0,0,0,1],[1,1,0,1],[2,1,0,1],[3,1,0,1],[4,0,0,1],[5,2,0,1],[6,2,0,1],[7,3,0,1],[7,4,0,1],[8,5,0,1],[9,6,0,1],[10,5,0,1],[11,7,0,1],[6,8,0,1],[5,9,0,1],[12,9,0,1],[8,10,0,1],[13,11,0,1],[14,12,0,1],[15,13,0,1],[16,11,0,1],[4,14,0,1],[17,15,0,1],[18,14,0,1],[19,14,0,1],[13,16,0,1],[14,17,0,1],[20,16,0,1]],"colors": [[1.0,1.0,0.0,1.0]]}