{"enclosure_radius": 2.5030136568245975,"triangles_verts_poly": [[0,43,44,11],[13,45,43,0],[1,46,45,13],[2,47,46,1],[3,48,47,2],[17,49,48,3],[4,50,49,17],[5,51,50,4],[6,52,51,5],[20,53,52,6],[7,54,53,20],[8,55,54,7],[9,56,55,8],[24,57,56,9],[10,58,57,24],[11,44,58,10],[0,12,11,59],[13,14,0,12],[1,15,13,14],[2,60,1,15],[3,16,2,60],[17,30,3,16],[4,18,17,30],[5,61,4,18],[6,19,5,61],[20,21,6,19],[7,22,20,21],[8,62,7,22],[9,23,8,62],[24,35,9,23],[10,25,24,35],[11,59,10,25],[12,37,59,26],[14,27,12,37],[15,28,14,27],[38,60,15,28],[16,29,60,38],[30,39,16,29],[18,63,30,39],[31,61,18,63],[19,40,61,31],[21,32,19,40],[22,33,21,32],[41,62,22,33],[23,34,62,41],[35,42,23,34],[25,64,35,42],[26,59,25,64],[36,37,26],[27,36,37],[28,36,27],[36,38,28],[29,36,38],[36,39,29],[36,63,39],[31,36,63],[36,40,31],[32,36,40],[33,36,32],[36,41,33],[34,36,41],[36,42,34],[36,64,42],[26,36,64]],"min_bounds": [-2.502998397802701,0.0,-2.502998397802701,-21930.334630350193],"res_id": 804,"triangles_poly": [[[1,2,0],[3,0,2]],[[1,2,0],[3,0,2]],[[1,2,3],[3,0,1]],[[1,2,3],[3,0,1]],[[1,2,0],[3,0,2]],[[1,2,0],[3,0,2]],[[1,2,3],[3,0,1]],[[1,2,3],[3,0,1]],[[1,2,0],[3,0,2]],[[1,2,0],[3,0,2]],[[1,2,3],[3,0,1]],[[1,2,3],[3,0,1]],[[1,2,0],[3,0,2]],[[1,2,0],[3,0,2]],[[1,2,3],[3,0,1]],[[1,2,3],[3,0,1]],[[0,2,1],[3,1,2]],[[0,2,1],[3,1,2]],[[0,2,3],[3,1,0]],[[0,2,3],[3,1,0]],[[0,2,1],[3,1,2]],[[0,2,3],[3,1,0]],[[0,2,1],[3,1,2]],[[0,2,1],[3,1,2]],[[0,2,3],[3,1,0]],[[0,2,3],[3,1,0]],[[0,2,1],[3,1,2]],[[0,2,1],[3,1,2]],[[0,2,3],[3,1,0]],[[0,2,3],[3,1,0]],[[0,2,1],[3,1,2]],[[0,2,3],[3,1,0]],[[3,1,0],[0,2,3]],[[3,1,2],[0,2,1]],[[3,1,2],[0,2,1]],[[3,0,2],[1,2,0]],[[3,1,0],[0,2,3]],[[1,0,2],[2,3,1]],[[0,2,3],[3,1,0]],[[1,2,0],[3,0,2]],[[0,2,3],[3,1,0]],[[0,2,1],[3,1,2]],[[0,2,3],[3,1,0]],[[1,2,0],[3,0,2]],[[0,2,3],[3,1,0]],[[2,3,1],[1,0,2]],[[2,3,0],[1,0,3]],[[3,0,2],[1,2,0]],[[0,1,2]],[[1,0,2]],[[1,0,2]],[[0,1,2]],[[1,0,2]],[[1,2,0]],[[1,2,0]],[[0,2,1]],[[1,2,0]],[[0,2,1]],[[0,2,1]],[[1,2,0]],[[2,1,0]],[[2,0,1]],[[0,1,2]],[[1,0,2]]],"max_bounds": [2.5030136568245975,2.5030136568245975,2.5030136568245975,0.0],"unique_edges": [[0,43],[43,44],[11,44],[0,11],[13,45],[43,45],[0,13],[1,46],[45,46],[1,13],[2,47],[46,47],[1,2],[3,48],[47,48],[2,3],[17,49],[48,49],[3,17],[4,50],[49,50],[4,17],[5,51],[50,51],[4,5],[6,52],[51,52],[5,6],[20,53],[52,53],[6,20],[7,54],[53,54],[7,20],[8,55],[54,55],[7,8],[9,56],[55,56],[8,9],[24,57],[56,57],[9,24],[10,58],[57,58],[10,24],[44,58],[10,11],[0,12],[11,59],[12,59],[13,14],[12,14],[1,15],[14,15],[2,60],[15,60],[3,16],[16,60],[17,30],[16,30],[4,18],[18,30],[5,61],[18,61],[6,19],[19,61],[20,21],[19,21],[7,22],[21,22],[8,62],[22,62],[9,23],[23,62],[24,35],[23,35],[10,25],[25,35],[25,59],[12,37],[26,59],[26,37],[14,27],[27,37],[15,28],[27,28],[38,60],[28,38],[16,29],[29,38],[30,39],[29,39],[18,63],[39,63],[31,61],[31,63],[19,40],[31,40],[21,32],[32,40],[22,33],[32,33],[41,62],[33,41],[23,34],[34,41],[35,42],[34,42],[25,64],[42,64],[26,64],[36,37],[26,36],[27,36],[28,36],[36,38],[29,36],[36,39],[36,63],[31,36],[36,40],[32,36],[33,36],[36,41],[34,36],[36,42],[36,64]],"name": "igloo","polys": [[0,4,0,1,65535,1,4294901760],[4,4,1,2,65535,1,5898290],[8,4,2,3,65535,1,3196846208],[12,4,3,4,65535,1,4294901760],[16,4,4,5,65535,1,230555698],[20,4,5,6,65535,1,3188719746],[24,4,6,7,65535,1,0],[28,4,7,8,65535,1,263520306],[32,4,8,9,65535,1,65535],[36,4,9,10,65535,1,4294912000],[40,4,10,11,65535,1,309002290],[44,4,11,12,65535,1,795607043],[48,4,12,13,65535,1,4294912000],[52,4,13,14,65535,1,1932787712],[56,4,14,15,65535,1,1936613741],[60,4,15,16,65535,1,1768163167],[64,4,16,17,65535,1,1281974792],[68,4,17,18,65535,1,1833331052],[72,4,18,19,65535,1,3288656],[76,4,19,20,65535,1,0],[80,4,20,21,65535,1,3288656],[84,4,21,22,65535,1,524288],[88,4,22,23,65535,1,0],[92,4,23,24,65535,1,792199168],[96,4,24,25,65535,1,3288656],[100,4,25,26,65535,1,1952805486],[104,4,26,27,65535,1,0],[108,4,27,28,65535,1,3288656],[112,4,28,29,65535,1,0],[116,4,29,30,65535,1,3288656],[120,4,30,31,65535,1,0],[124,4,31,32,65535,1,0],[128,4,32,33,65535,1,3288656],[132,4,33,34,65535,1,0],[136,4,34,35,65535,1,0],[140,4,35,36,65535,1,0],[144,4,36,37,65535,1,0],[148,4,37,38,65535,1,0],[152,4,38,39,65535,1,0],[156,4,39,40,65535,1,0],[160,4,40,41,65535,1,0],[164,4,41,42,65535,1,0],[168,4,42,43,65535,1,0],[172,4,43,44,65535,1,0],[176,4,44,45,65535,1,0],[180,4,45,46,65535,1,0],[184,4,46,47,65535,1,0],[188,4,47,48,65535,1,0],[192,3,48,49,65535,1,0],[195,3,49,50,65535,1,0],[198,3,50,51,65535,1,0],[201,3,51,52,65535,1,0],[204,3,52,53,65535,1,0],[207,3,53,54,65535,1,0],[210,3,54,55,65535,1,0],[213,3,55,56,65535,1,0],[216,3,56,57,65535,1,0],[219,3,57,58,65535,1,0],[222,3,58,59,65535,1,0],[225,3,59,60,65535,1,0],[228,3,60,61,65535,1,0],[231,3,61,62,65535,1,0],[234,3,62,63,65535,1,0],[237,3,63,65535,65535,1,0]],"enclosure_point": [0.0,0.0,0.0,2.5030136568245975],"edges": [0,1,2,3,4,5,0,6,7,8,4,9,10,11,7,12,13,14,10,15,16,17,13,18,19,20,16,21,22,23,19,24,25,26,22,27,28,29,25,30,31,32,28,33,34,35,31,36,37,38,34,39,40,41,37,42,43,44,40,45,2,46,43,47,48,3,49,50,51,6,48,52,53,9,51,54,55,12,53,56,57,15,55,58,59,18,57,60,61,21,59,62,63,24,61,64,65,27,63,66,67,30,65,68,69,33,67,70,71,36,69,72,73,39,71,74,75,42,73,76,77,45,75,78,49,47,77,79,80,50,81,82,83,52,80,84,85,54,83,86,87,56,85,88,89,58,87,90,91,60,89,92,93,62,91,94,95,64,93,96,97,66,95,98,99,68,97,100,101,70,99,102,103,72,101,104,105,74,103,106,107,76,105,108,109,78,107,110,81,79,109,111,112,82,113,114,84,112,115,86,114,116,88,115,117,90,116,118,92,117,119,94,118,120,96,119,121,98,120,122,100,121,123,102,122,124,104,123,125,106,124,126,108,125,127,110,126,113,111,127],