{"enclosure_radius": 2.5129777981231403,"triangles_verts_poly": [[1,28,0],[0,1,30],[1,2,30],[2,30,6],[3,31,28],[3,28,1],[3,4,1],[1,4,2],[5,31,3],[3,5,4],[2,10,6],[6,10,8],[4,7,2],[2,7,10],[4,5,7],[9,10,8],[8,9,32],[7,11,10],[10,11,9],[5,7,11],[9,12,32],[12,32,33],[11,13,9],[9,13,12],[5,11,13],[12,14,33],[14,33,34],[13,15,12],[12,15,14],[5,13,15],[14,16,34],[16,34,17],[15,18,14],[14,18,16],[5,15,18],[16,19,17],[17,19,35],[18,20,16],[16,20,19],[5,18,20],[19,25,35],[25,35,21],[20,22,19],[19,22,25],[5,20,22],[23,25,21],[21,23,26],[22,24,25],[24,25,23],[5,22,24],[23,29,26],[26,29,36],[24,27,23],[23,27,29],[5,24,27],[28,29,36],[28,36,0],[27,31,29],[29,31,28],[5,27,31]],"min_bounds": [-2.48369573510338,0.0,-2.491844052796216,30068.126253147173],"res_id": 806,"triangles_poly": [[[0,1,2]],[[2,1,0]],[[1,0,2]],[[2,0,1]],[[0,1,2]],[[2,0,1]],[[1,0,2]],[[2,1,0]],[[0,1,2]],[[2,1,0]],[[1,0,2]],[[2,1,0]],[[1,0,2]],[[2,1,0]],[[2,1,0]],[[0,1,2]],[[2,1,0]],[[1,0,2]],[[2,1,0]],[[1,2,0]],[[2,1,0]],[[1,2,0]],[[2,1,0]],[[0,2,1]],[[1,2,0]],[[2,1,0]],[[1,2,0]],[[2,1,0]],[[0,2,1]],[[1,2,0]],[[2,1,0]],[[1,2,0]],[[2,1,0]],[[0,2,1]],[[1,2,0]],[[2,1,0]],[[0,2,1]],[[2,1,0]],[[0,2,1]],[[1,2,0]],[[2,1,0]],[[1,2,0]],[[2,1,0]],[[0,2,1]],[[0,1,2]],[[1,2,0]],[[0,2,1]],[[0,2,1]],[[1,2,0]],[[0,1,2]],[[1,0,2]],[[2,1,0]],[[1,0,2]],[[2,1,0]],[[0,1,2]],[[0,1,2]],[[2,0,1]],[[1,0,2]],[[2,1,0]],[[0,1,2]]],"max_bounds": [2.5000076295109483,2.497962920576791,2.4918593118181125,14964.0],"unique_edges": [[1,28],[0,28],[0,1],[0,30],[1,30],[1,2],[2,30],[6,30],[2,6],[3,31],[28,31],[3,28],[1,3],[3,4],[1,4],[2,4],[5,31],[3,5],[4,5],[2,10],[6,10],[6,8],[8,10],[4,7],[2,7],[7,10],[5,7],[9,10],[8,9],[8,32],[9,32],[7,11],[10,11],[9,11],[5,11],[9,12],[12,32],[32,33],[12,33],[11,13],[9,13],[12,13],[5,13],[12,14],[14,33],[33,34],[14,34],[13,15],[12,15],[14,15],[5,15],[14,16],[16,34],[17,34],[16,17],[15,18],[14,18],[16,18],[5,18],[16,19],[17,19],[17,35],[19,35],[18,20],[16,20],[19,20],[5,20],[19,25],[25,35],[21,35],[21,25],[20,22],[19,22],[22,25],[5,22],[23,25],[21,23],[21,26],[23,26],[22,24],[24,25],[23,24],[5,24],[23,29],[26,29],[26,36],[29,36],[24,27],[23,27],[27,29],[5,27],[28,29],[28,36],[0,36],[27,31],[29,31]],"name": "dome","polys": [[0,3,0,1,65535,1,144],[3,3,1,2,65535,1,0],[6,3,2,3,65535,1,163840],[9,3,3,4,65535,1,216],[12,3,4,5,65535,1,49],[15,3,5,6,65535,1,1840],[18,3,6,7,65535,1,3864],[21,3,7,8,65535,1,1],[24,3,8,9,65535,1,1],[27,3,9,10,65535,1,1],[30,3,10,11,65535,1,1],[33,3,11,12,65535,1,1],[36,3,12,13,65535,1,1],[39,3,13,14,65535,1,1],[42,3,14,15,65535,1,1],[45,3,15,16,65535,1,1],[48,3,16,17,65535,1,1],[51,3,17,18,65535,1,1],[54,3,18,19,65535,1,1],[57,3,19,20,65535,1,1],[60,3,20,21,65535,1,1],[63,3,21,22,65535,1,1],[66,3,22,23,65535,1,1],[69,3,23,24,65535,1,1],[72,3,24,25,65535,1,1],[75,3,25,26,65535,1,1],[78,3,26,27,65535,1,1],[81,3,27,28,65535,1,1],[84,3,28,29,65535,1,1],[87,3,29,30,65535,1,9371776],[90,3,30,31,65535,1,1],[93,3,31,32,65535,1,1],[96,3,32,33,65535,1,1],[99,3,33,34,65535,1,1],[102,3,34,35,65535,1,1],[105,3,35,36,65535,1,1],[108,3,36,37,65535,1,1],[111,3,37,38,65535,1,1],[114,3,38,39,65535,1,1],[117,3,39,40,65535,1,9371776],[120,3,40,41,65535,1,524288],[123,3,41,42,65535,1,0],[126,3,42,43,65535,1,25165824],[129,3,43,44,65535,1,9371776],[132,3,44,45,65535,1,1769239653],[135,3,45,46,65535,1,9371776],[138,3,46,47,65535,1,1145389671],[141,3,47,48,65535,1,773336080],[144,3,48,49,65535,1,2983030266],[147,3,49,50,65535,1,2982768122],[150,3,50,51,65535,1,542580744],[153,3,51,52,65535,1,1320812764],[156,3,52,53,65535,1,1320813124],[159,3,53,54,65535,1,46285357],[162,3,54,55,65535,1,2711135046],[165,3,55,56,65535,1,2711105596],[168,3,56,57,65535,1,9371776],[171,3,57,58,65535,1,0],[174,3,58,59,65535,1,1768711508],[177,3,59,65535,65535,1,9371776]],"enclosure_point": [0.011398489356832226,0.011398489356832226,-0.006408789196612474,2.519462882429236],"edges": [0,1,2,2,3,4,5,4,6,6,7,8,9,10,11,11,0,12,13,12,14,14,5,15,16,9,17,17,13,18,19,8,20,20,21,22,23,15,24,24,19,25,18,23,26,27,22,28,28,29,30,31,25,32,32,27,33,26,31,34,35,30,36,36,37,38,39,33,40,40,35,41,34,39,42,43,38,44,44,45,46,47,41,48,48,43,49,42,47,50,51,46,52,52,53,54,55,49,56,56,51,57,50,55,58,59,54,60,60,61,62,63,57,64,64,59,65,58,63,66,67,62,68,68,69,70,71,65,72,72,67,73,66,71,74,75,70,76,76,77,78,79,73,80,80,75,81,74,79,82,83,78,84,84,85,86,87,81,88,88,83,89,82,87,90,91,86,92,92,93,1,94,89,95,95,91,10,90,94,16],"vectors": [[-0.9387960631723506,-0.23468375677119102,0.2520943007553216,0.0],[-0.6866254673075456,-0.2347142748149844,0.688059815365835,0.0],[-0.6946822308690013,-0.6946822308690013,0.18654154268711376,0.0],[-0.5080491340505073,-0.6947432669565881,0.5091172655832761,0.0],[-0.24200808728160528,-0.9680781261921111,0.06498817425803007,0.0],[-0.17697413595788514,-0.9680933852140078,0.17735561150530252,0.0],[-0.2506904707408255,-0.2347142748149844,0.9391775387197681,0.0],[-0.1854886701762417,-0.6947432669565881,0.6949263752193484,0.0],[-0.06460669871061264,-0.9680933852140078,0.24208438239108873,0.0],[0.2523689631494621,-0.2347142748149844,0.9387350270847639,0.0],[0.1867399099717708,-0.6947432669565881,0.6945906767376211,0.0],[0.06504921034561685,-0.9680933852140078,0.24196231021591516,0.0],[0.687861448081178,-0.2347142748149844,0.6868390936140993,0.0],[0.5089646753643091,-0.6947432669565881,0.508216983291371,0.0],[0.17729457541771573,-0.9680933852140078,0.1770351720454719,0.0],[0.9391012436102846,-0.2347142748149844,0.25098039215686274,0.0],[0.6948653391317616,-0.6947432669565881,0.18570229648279546,0.0],[0.24205386434729534,-0.9680933852140078,0.06468299382009614,0.0],[0.9388113221942473,-0.2347142748149844,-0.2520790417334249,0.0],[0.6946364538033112,-0.6947432669565881,-0.18651102464332037,0.0],[0.24197756923781186,-0.9680933852140078,-0.06495765621423666,0.0],[0.6870527199206531,-0.2347142748149844,-0.6876478217746242,0.0],[0.5083543144884413,-0.6947432669565881,-0.5087968261234455,0.0],[0.17709620813305868,-0.9680933852140078,-0.17723353933012898,0.0],[0.2512550545510033,-0.2347142748149844,-0.9390096894789044,0.0],[0.1859159227893492,-0.6947432669565881,-0.6947890440222781,0.0],[0.06475928892957962,-0.9680933852140078,-0.24202334630350197,0.0],[-0.25180437933928435,-0.2347142748149844,-0.9388723582818341,0.0],[-0.18631265735866331,-0.6947432669565881,-0.6946822308690013,0.0],[-0.06488136110475318,-0.9680933852140078,-0.24199282825970858,0.0],[-0.6874341954680705,-0.2347142748149844,-0.6872358281834134,0.0],[-0.5086442359044785,-0.6947432669565881,-0.5084916456855115,0.0],[-0.1771725032425422,-0.9680933852140078,-0.1771267261768521,0.0],[-0.9389333943694209,-0.2347142748149844,-0.2515144579232471,0.0],[-0.6947432669565881,-0.6947432669565881,-0.18609903105210956,0.0],[-0.24200808728160528,-0.9680933852140078,-0.06482032501716639,0.0]],