{"enclosure_radius": 0.2,"triangles_verts_poly": [[0,9,10],[1,11,9],[1,9,0],[0,2,10],[1,3,0],[0,3,2],[4,12,10],[5,13,4],[4,5,12],[6,12,10],[5,7,12],[7,12,6],[7,8,6,10],[3,8,2,10],[4,10,13,8],[8,13,5],[5,8,7],[9,10,11,8],[8,11,1],[1,8,3]],"min_bounds": [-0.19998474097810326,-0.17318989852750444,-0.14998092622262915,16379.0],"res_id": 807,"triangles_poly": [[[0,1,2]],[[0,1,2]],[[2,0,1]],[[1,0,2]],[[2,1,0]],[[0,2,1]],[[0,2,1]],[[2,0,1]],[[0,2,1]],[[2,0,1]],[[0,2,1]],[[0,1,2]],[[3,1,2],[0,2,1]],[[2,3,1],[1,0,2]],[[3,1,0],[0,2,3]],[[0,1,2]],[[1,0,2]],[[3,1,0],[0,2,3]],[[0,1,2]],[[1,0,2]]],"max_bounds": [0.2,0.17320515754940108,0.14999618524452582,-20141.572091248952],"unique_edges": [[0,9],[9,10],[0,10],[1,11],[9,11],[1,9],[0,1],[0,2],[2,10],[1,3],[0,3],[2,3],[4,12],[4,10],[10,12],[5,13],[4,13],[4,5],[5,12],[6,12],[6,10],[5,7],[7,12],[6,7],[7,8],[8,10],[3,8],[8,13],[5,8],[8,11],[1,8]],"name": "Parasite","polys": [[0,3,0,1,65535,1,3435973837],[3,3,1,2,65535,1,3220963328],[6,3,2,3,65535,1,3435973836],[9,3,3,4,65535,1,0],[12,3,4,5,65535,1,3220963328],[15,3,5,6,65535,1,0],[18,3,6,7,65535,1,0],[21,3,7,8,65535,1,1073479680],[24,3,8,9,65535,1,2814749767],[27,3,9,10,65535,1,3435973837],[30,3,10,11,65535,1,1072627712],[33,3,11,12,65535,1,2576980377],[36,4,12,13,17,1,38757785],[40,4,13,65535,14,1,1073479680],[44,4,14,15,65535,1,3438310299],[48,3,18,65535,16,1,500552669],[51,3,19,65535,65535,1,1073414144],[54,4,15,18,65535,1,2974969227],[58,3,16,65535,19,1,3435973837],[61,3,17,65535,65535,1,36692]],"enclosure_point": [0.0,0.0,0.04998855573357748,0.20614938582436865],"edges": [0,1,2,3,4,5,5,0,6,7,2,8,9,6,10,10,7,11,12,13,14,15,16,17,17,12,18,19,14,20,21,18,22,22,19,23,24,23,20,25,26,11,8,25,13,16,27,25,27,15,28,28,21,24,1,4,29,25,29,3,30,30,9,26],"vectors": [[0.6547493705653468,-0.3777523460746166,0.6546730754558633,0.0],[0.6547493705653468,-0.3777370870527199,-0.6546578164339666,0.0],[0.6547493705653468,-0.3777523460746166,-0.6546578164339666,0.0],[0.6545967803463798,0.37801174944686045,0.6546730754558633,0.0],[0.6545967803463798,0.37801174944686045,-0.6546578164339666,0.0],[-0.6547341115434501,0.3777523460746166,0.6546730754558633,0.0],[-0.6547341115434501,0.3777523460746166,-0.6546578164339666,0.0],[-0.6545815213244831,-0.37799649042496375,0.6546730754558633,0.0],[-0.6545815213244831,-0.37799649042496375,-0.6546578164339666,0.0],[0.8660257877470054,-0.49999237048905165,0.0,0.0],[-0.8660105287251088,0.5000076295109483,0.0,0.0],[0.8658274204623484,0.5003433279926757,0.0,0.0],[-0.8658121614404517,-0.500328068970779,0.0,0.0],[-0.7948424505989167,0.45859464408331424,-0.39736018921187155,0.0],[-0.7946593423361563,-0.4588845654993515,-0.39736018921187155,0.0],[0.7948577096208133,-0.4585793850614176,-0.39736018921187155,0.0],[0.7946746013580529,0.45889982452124817,-0.39736018921187155,0.0]],"points": [[-0.19998474097810326,-1.5259021896696368e-05,0.04998855573357748,1.0],[-0.09997711146715493,0.0,0.14999618524452582,1.0],[-0.09997711146715493,-0.17318989852750444,0.04998855573357748,1.0],[-0.049973296711680826,-0.08657969024185552,0.14999618524452582,1.0],[0.10006866559853514,-0.17314412146181435,0.04998855573357748,1.0],[0.09999237048905166,1.5259021896696422e-05,0.14999618524452582,1.0],[0.09999237048905166,0.17320515754940108,0.04998855573357748,1.0],[0.04998855573357748,0.08659494926375219,0.14999618524452582,1.0],[0.0,0.0,-0.049973296711680826,1.0],[-0.10005340657663842,0.173159380483711,0.04998855573357748,1.0],[0.0,0.0,-0.14998092622262915,1.0],[-0.050019073777370915,0.0865796902418555,0.14999618524452582,1.0],[0.2,3.0518043793392844e-05,0.04998855573357748,1.0],[0.05003433279926757,-0.08656443121995883,0.14999618524452582,1.0]],"normals": [[0,0,0,1],[1,1,0,1],[2,1,0,1],[3,2,0,1],[4,1,0,1],[4,3,0,1],[5,4,0,1],[6,5,0,1],[6,5,0,1],[7,6,0,1],[8,7,0,1],[8,7,0,1],[9,8,0,1],[10,8,0,1],[11,8,0,1],[12,8,0,1],[13,1,1,1],[14,8,1,1],[15,5,1,1],[16,8,1,1]],"colors": [[1.0,1.0,0.0,1.0],[0.0,1.0,0.0,0.0]]}