{"enclosure_radius": 1.8108949416342413,"triangles_verts_poly": [[4,5,6],[4,9,5],[0,9,5],[9,26,0],[11,26,9],[11,27,26],[0,27,1],[2,27,1],[1,5,10],[6,10,12],[5,6,10],[10,12,8],[8,12,7],[7,11,3],[3,4,6],[3,9,4],[3,11,9],[3,6,12],[7,28,12],[7,8,11],[11,29,8],[8,27,29],[2,8,27],[2,10,8],[1,10,2],[0,5,1],[0,26,27],[18,19,17],[18,22,19],[22,30,19],[13,22,30],[13,24,22],[24,31,13],[30,31,14],[13,32,31],[25,31,14],[14,19,23],[19,30,14],[17,23,15],[17,19,23],[15,23,21],[21,31,33],[21,25,31],[23,25,21],[14,23,25],[15,21,20],[20,24,16],[20,21,24],[24,33,21],[16,18,17],[16,17,15],[16,20,15],[16,22,18],[16,24,22]],"min_bounds": [-1.570641641870756,-0.15828183413443198,-1.6813916227969787,16378.0],"res_id": 808,"triangles_poly": [[[1,2,0]],[[2,0,1]],[[0,2,1]],[[1,2,0]],[[1,2,0]],[[2,0,1]],[[1,2,0]],[[1,0,2]],[[0,2,1]],[[1,2,0]],[[2,1,0]],[[2,1,0]],[[0,2,1]],[[0,1,2]],[[0,1,2]],[[0,1,2]],[[1,2,0]],[[0,1,2]],[[0,1,2]],[[1,2,0]],[[1,0,2]],[[1,2,0]],[[2,1,0]],[[0,2,1]],[[0,2,1]],[[0,2,1]],[[1,2,0]],[[1,2,0]],[[1,2,0]],[[0,1,2]],[[1,0,2]],[[0,2,1]],[[2,0,1]],[[1,2,0]],[[0,2,1]],[[1,0,2]],[[1,0,2]],[[0,1,2]],[[1,2,0]],[[1,2,0]],[[1,2,0]],[[1,2,0]],[[2,0,1]],[[0,1,2]],[[1,0,2]],[[1,2,0]],[[1,2,0]],[[2,0,1]],[[0,2,1]],[[0,1,2]],[[0,1,2]],[[1,0,2]],[[1,2,0]],[[2,0,1]]],"max_bounds": [1.5706569008926528,0.15829709315632867,1.6814068818188754,-4303.355901426718],"unique_edges": [[4,5],[5,6],[4,6],[4,9],[5,9],[0,9],[0,5],[9,26],[0,26],[11,26],[9,11],[11,27],[26,27],[0,27],[1,27],[0,1],[2,27],[1,2],[1,5],[1,10],[5,10],[6,10],[10,12],[6,12],[8,10],[8,12],[7,8],[7,12],[7,11],[3,11],[3,7],[3,4],[3,6],[3,9],[3,12],[7,28],[12,28],[8,11],[11,29],[8,29],[8,27],[27,29],[2,8],[2,10],[18,19],[17,19],[17,18],[18,22],[19,22],[22,30],[19,30],[13,22],[13,30],[13,24],[22,24],[24,31],[13,31],[30,31],[14,31],[14,30],[13,32],[31,32],[25,31],[14,25],[14,19],[14,23],[19,23],[17,23],[15,23],[15,17],[21,23],[15,21],[21,31],[31,33],[21,33],[21,25],[23,25],[20,21],[15,20],[20,24],[16,24],[16,20],[21,24],[24,33],[16,18],[16,17],[15,16],[16,22]],"name": "superufo","polys": [[0,3,5,1,65535,1,2084948924],[3,3,6,2,65535,1,3220766720],[6,3,13,3,65535,1,3610779005],[9,3,14,4,65535,1,36652],[12,3,19,5,65535,1,1073479680],[15,3,20,6,65535,1,2505950208],[18,3,1,7,26,1,3402163854],[21,3,2,8,65535,1,3220963328],[24,3,15,9,25,1,2251391791],[27,3,7,10,65535,1,1686925715],[30,3,8,11,65535,1,1073479680],[33,3,23,12,21,1,3291697295],[36,3,22,13,65535,1,1603912587],[39,3,9,14,19,1,1073414144],[42,3,4,15,17,1,3380740557],[45,3,11,65535,16,1,3849939965],[48,3,12,65535,65535,1,1073610752],[51,3,3,65535,18,1,2417491062],[54,3,21,65535,65535,1,3552796947],[57,3,10,65535,20,1,1073610752],[60,3,17,65535,65535,1,4012942563],[63,3,17,22,65535,1,3209199564],[66,3,18,23,65535,1,3220766720],[69,3,24,65535,24,1,3610779005],[72,3,25,65535,65535,1,3849939965],[75,3,16,65535,65535,1,1073610752],[78,3,0,65535,27,1,2773277562],[81,3,31,65535,28,2,3552796947],[84,3,32,65535,29,2,1073545216],[87,3,39,30,31,2,2719573291],[90,3,40,65535,65535,2,2084948924],[93,3,45,32,33,2,1073479680],[96,3,46,65535,65535,2,2505950208],[99,3,27,34,35,2,3402163854],[102,3,26,65535,65535,2,3220963328],[105,3,28,65535,36,2,2251391791],[108,3,41,37,38,2,1686925715],[111,3,42,65535,65535,2,1073479680],[114,3,33,65535,39,2,3291697295],[117,3,34,65535,40,2,1603912587],[120,3,49,41,45,2,36600],[123,3,43,65535,42,2,1073479680],[126,3,44,65535,43,2,2746597226],[129,3,50,44,65535,2,3321349750],[132,3,51,65535,65535,2,3221094400],[135,3,48,65535,46,2,2976721573],[138,3,35,47,49,2,3552796947],[141,3,36,48,65535,2,1073348608],[144,3,43,65535,65535,2,2853919868],[147,3,30,50,52,2,682521843],[150,3,29,51,65535,2,3220832256],[153,3,47,65535,65535,2,2997552165],[156,3,37,53,65535,2,4132514453],[159,3,38,65535,65535,2,3220963328]],"enclosure_point": [0.1940794995040818,-0.029175249866483566,0.06373693446250095,1.7695124742504005],"edges": [0,1,2,3,4,0,5,6,4,7,8,5,9,7,10,11,12,9,13,14,15,16,17,14,18,19,20,21,22,23,1,20,21,22,24,25,25,26,27,28,29,30,31,2,32,33,3,31,29,10,33,32,23,34,35,36,27,26,37,28,38,37,39,40,41,39,42,16,40,43,42,24,19,17,43,6,15,18,8,12,13,44,45,46,47,48,44,49,50,48,51,52,49,53,51,54,55,56,53,57,58,59,60,56,61,62,63,58,64,65,66,50,59,64,67,68,69,45,66,67,68,70,71,72,73,74,75,62,72,76,75,70,65,63,76,71,77,78,79,80,81,77,82,79,83,82,74,84,46,85,85,69,86,81,86,78,87,47,84,80,54,87],"vectors": [[0.9999542229343099,0.0,0.009979400320439459,0.0],[0.9996032654306859,0.007598992904554818,0.02713054093232624,0.0],[0.9997863736934463,0.015960936903944456,0.01330586709391928,0.0],[0.9520561532005798,0.0,-0.3059128709849699,0.0],[0.9768062867170214,-0.04231326771953914,-0.20987258716716262,0.0],[-0.17097734035248335,-0.9764858472571908,-0.1312581063553826,0.0],[-0.3016098268101015,-0.9412222476539254,-0.15199511711299307,0.0],[0.15107957579919126,-0.9823453116655222,0.11021591515983825,0.0],[0.14038300144960708,-0.9842069123369193,0.10777447165636683,0.0],[0.12199588006408789,0.9872129396505684,0.10263218127718013,0.0],[0.10859845883878844,0.9920805676356146,0.06317235065232318,0.0],[-0.14355687800411998,0.9869993133440147,-0.072327763790341,0.0],[-0.20131227588311584,0.964766918440528,-0.16935988403143354,0.0],[-0.2018616006713969,-0.9522240024414435,0.22912947280079346,0.0],[0.12590218966964217,-0.9784695201037613,0.16345464255741207,0.0],[0.5146257724879835,-0.6276798657206073,-0.5840695811398489,0.0],[0.07025253681239033,0.9943389028763256,-0.07972838941023885,0.0],[0.5244983596551461,0.8458838788433661,-0.09678797589074539,0.0],[-0.12140077821011674,0.9830014496070801,0.1378042267490654,0.0],[0.7418326085297933,-0.3428397039749752,-0.5763179980163271,0.0],[0.6604104676890211,-0.6452124818799114,0.38413061722743574,0.0],[0.6073395895323109,-0.6593881132219425,0.4430914778362707,0.0],[0.36510261692225526,-0.9285114824139773,-0.06736858167391468,0.0],[0.36479743648432134,-0.9243762874799726,-0.1115129320210575,0.0],[0.9999542229343099,0.0,-0.00999465934233612,0.0],[0.9996032654306859,-0.007614251926451487,-0.027206836041809734,0.0],[0.9997863736934463,-0.0160067139696346,-0.013336385137712625,0.0],[0.9517204547188525,0.0,0.30699626153963533,0.0],[0.9766384374761578,0.04248111696040284,0.2106660563057908,0.0],[-0.1703364614328221,0.9766079194323644,0.13128862439917602,0.0],[-0.30057221332112616,0.9415579461356527,0.15205615320057983,0.0],[0.1505149919890135,0.9824521248187991,-0.1102159151598383,0.0],[0.1398641947051194,0.9842984664682993,-0.10777447165636678,0.0],[0.1215228503852903,-0.9872587167162585,-0.1026169222552834,0.0],[0.10818646524757763,-0.992111085679408,-0.06315709163042649,0.0],[-0.1430228122377356,-0.9870603494316015,0.07235828183413444,0.0],[-0.20057984283207442,-0.9649042496375982,0.16940566109712368,0.0],[-0.2011139085984588,0.9523918516823071,-0.22914473182269013,0.0],[0.12542915999084459,0.9785458152132448,-0.16345464255741204,0.0],[0.5131761654077973,0.6283360036621652,0.5846799420157168,0.0],[0.06999313344014649,-0.9943389028763256,0.0797436484321355,0.0],[0.52304875257496,-0.8467689021133745,0.09691004806591898,0.0],[-0.12094300755321585,-0.9830319676508735,-0.13778896772716864,0.0],[0.7405508506904708,0.34357213702601663,0.5775387197680628,0.0],[0.6589761196307317,0.646295872434577,-0.38475623712520024,0.0],[0.6058747234302281,0.6603341725795376,-0.44370183871213853,0.0],[0.36388189517051955,0.9289997711146716,0.06741435873960479,0.0],[0.3635919737544823,0.9248493171587702,0.11158922713054094,0.0]],