{"enclosure_radius": 2.5005111772335393,"triangles_verts_poly": [[1,15,0],[0,1,6],[1,2,6],[2,6,3],[2,7,3],[3,7,9],[7,10,9],[9,10,11],[10,16,11],[11,16,13],[15,16,13],[13,15,0],[6,17,4],[4,17,15],[0,6,17],[0,18,19],[0,19,17],[4,15,1],[1,4,20],[1,20,21],[16,22,23],[16,23,17],[16,17,15],[13,18,14,19],[14,17,23],[14,19,17],[22,24,14,23],[11,13,12],[12,14,10],[12,13,14],[10,25,12],[10,14,24],[9,11,8],[8,12,7],[8,11,12],[7,26,8],[7,12,25],[4,5,20],[3,4,5],[3,6,4],[3,9,5],[5,9,27],[5,8,2],[5,8,27],[5,20,2,21],[2,8,26]],"min_bounds": [-2.1997405966277563,-0.4223392080567636,-2.4977950713359274,-16391.0],"res_id": 812,"triangles_poly": [[[2,0,1]],[[0,2,1]],[[1,0,2]],[[2,0,1]],[[1,0,2]],[[1,0,2]],[[1,0,2]],[[1,0,2]],[[0,2,1]],[[1,0,2]],[[1,2,0]],[[0,2,1]],[[1,2,0]],[[1,2,0]],[[2,1,0]],[[1,2,0]],[[2,0,1]],[[0,1,2]],[[1,0,2]],[[1,0,2]],[[2,1,0]],[[0,2,1]],[[0,2,1]],[[0,2,3],[3,1,0]],[[2,1,0]],[[0,2,1]],[[2,1,3],[0,3,1]],[[0,2,1]],[[2,1,0]],[[0,2,1]],[[0,2,1]],[[0,2,1]],[[1,0,2]],[[2,1,0]],[[1,0,2]],[[0,2,1]],[[0,2,1]],[[1,0,2]],[[0,1,2]],[[0,1,2]],[[1,0,2]],[[1,0,2]],[[1,0,2]],[[2,0,1]],[[0,1,3],[3,2,0]],[[1,0,2]]],"max_bounds": [2.205645838101778,-0.01390096894789039,2.5000076295109483,-31295.01286335546],"unique_edges": [[1,15],[0,15],[0,1],[0,6],[1,6],[1,2],[2,6],[3,6],[2,3],[2,7],[3,7],[3,9],[7,9],[7,10],[9,10],[9,11],[10,11],[10,16],[11,16],[11,13],[13,16],[15,16],[13,15],[0,13],[6,17],[4,17],[4,6],[15,17],[4,15],[0,17],[0,18],[0,19],[18,19],[17,19],[1,4],[1,20],[4,20],[1,21],[20,21],[16,22],[16,23],[22,23],[16,17],[17,23],[13,18],[13,14],[14,19],[14,17],[14,23],[22,24],[14,24],[11,12],[12,13],[12,14],[10,12],[10,14],[10,25],[12,25],[10,24],[8,9],[8,11],[8,12],[7,8],[7,12],[7,26],[8,26],[7,25],[4,5],[5,20],[3,4],[3,5],[5,9],[9,27],[5,27],[5,8],[2,5],[2,8],[8,27],[2,21],[2,26]],"name": "plat.dxf","polys": [[0,3,0,1,65535,1,2244017332],[3,3,1,2,65535,1,1251793988],[6,3,2,3,65535,1,3220963328],[9,3,3,4,65535,1,3243834179],[12,3,12,5,65535,1,2105839645],[15,3,13,6,65535,1,1073479680],[18,3,18,7,65535,1,3473443131],[21,3,19,8,65535,1,4058297418],[24,3,24,9,65535,1,1073741824],[27,3,25,10,65535,1,3826850220],[30,3,30,11,65535,1,2269666878],[33,3,31,12,65535,1,36504],[36,3,9,13,23,1,3221028864],[39,3,4,14,17,1,2415919104],[42,3,8,65535,15,1,561743152],[45,3,34,16,65535,1,1073545216],[48,3,35,65535,65535,1,2806640868],[51,3,5,65535,18,1,347445674],[54,3,6,65535,19,1,3220832256],[57,3,7,65535,20,1,2593510712],[60,3,27,65535,21,1,909859605],[63,3,32,65535,22,1,3221028864],[66,3,33,65535,65535,1,4126995727],[69,4,34,24,27,1,43381443],[73,3,32,25,26,1,1073545216],[76,3,35,65535,65535,1,2806640868],[79,4,27,65535,65535,1,347445674],[83,3,28,28,32,1,3220897792],[86,3,26,29,30,1,3628070544],[89,3,29,65535,65535,1,1858376654],[92,3,21,65535,31,1,3221028864],[95,3,27,65535,65535,1,2415919104],[98,3,22,33,37,1,43381443],[101,3,20,34,35,1,1073545216],[104,3,23,65535,65535,1,4155888394],[107,3,15,65535,36,1,347445674],[110,3,21,65535,65535,1,3220832256],[113,3,6,38,42,1,2593510712],[116,3,11,39,40,1,909859605],[119,3,10,65535,65535,1,3221028864],[122,3,16,41,65535,1,2415919104],[125,3,17,65535,65535,1,43381443],[128,3,14,43,44,1,1073545216],[131,3,17,65535,65535,1,2806640868],[134,4,7,65535,45,1,347445674],[138,3,15,65535,65535,1,3220766720]],"enclosure_point": [0.0028686961165789275,-0.01390096894789039,0.0012207217517357137,2.503532463569085],"edges": [0,1,2,2,3,4,5,4,6,6,7,8,9,8,10,10,11,12,13,12,14,14,15,16,17,16,18,18,19,20,21,20,22,22,23,1,24,25,26,25,27,28,3,29,24,30,31,32,31,29,33,28,0,34,34,35,36,35,37,38,39,40,41,40,42,43,42,21,27,44,45,46,32,47,48,43,46,47,33,49,48,41,50,19,51,52,53,54,55,52,53,45,56,54,57,55,58,50,15,59,60,61,62,63,60,61,51,64,62,65,63,66,57,67,68,36,69,67,70,7,26,69,11,70,71,71,72,73,74,75,76,74,77,73,68,78,75,38,76,79,65],"vectors": [[-0.11476310368505382,0.9701228351262684,-0.2137788967727169,0.0],[-0.13234149691004804,0.9765926604104677,-0.1695429922941939,0.0],[-0.24245059891660947,0.9701380941481651,-0.0073701075761043455,0.0],[-0.21295490959029528,0.9766079194323644,0.029922941939421684,0.0],[0.02145418478675517,-0.9983978027008469,0.05220111390859846,0.0],[0.028458075837338826,-0.9981841763942931,0.053025101091020065,0.0],[0.05592431525139239,-0.9983978027008469,0.007492179751277943,0.0],[0.0601358052948806,-0.9981841763942931,0.0018310826276035706,0.0],[0.4179598687724117,0.7339284351873044,0.5353933012893873,0.0],[0.3241321431296254,0.5223163195239185,0.7887541008621347,0.0],[0.6725413900968948,0.7340047302967879,-0.09449912260624094,0.0],[0.844983596551461,0.5226672770275426,0.11329823758297093,0.0],[-0.12765697718776225,0.9701380941481651,0.20625619897764552,0.0],[-0.08058289463645385,0.9766079194323644,0.19938963912413216,0.0],[0.03445487144274052,-0.9983978027008469,-0.04466315709163038,0.0],[0.031662470435645074,-0.9981841763942931,-0.05113298237582975,0.0],[0.254535744258793,0.7340047302967879,-0.6296330205233844,0.0],[0.5207446402685588,0.5226672770275426,-0.6750133516441597,0.0],[0.11474784466315709,0.9701380941481651,0.21371786068513007,0.0],[0.13234149691004807,0.9766079194323644,0.16952773327229725,0.0],[-0.02142366674296181,-0.9983978027008469,-0.0521705958648051,0.0],[-0.02844281681544214,-0.9981841763942931,-0.05299458304722671,0.0],[-0.41789883268482486,0.7340047302967879,-0.5353322652018006,0.0],[-0.32404058899824517,0.5226672770275426,-0.788540474555581,0.0],[0.24245059891660944,0.9701380941481651,0.007522697795071336,0.0],[0.21298542763408865,0.9766079194323644,-0.02978561074235142,0.0],[-0.05590905622949571,-0.9983978027008469,-0.007507438773174613,0.0],[-0.06012054627298391,-0.9981841763942931,-0.0018463416495002605,0.0],[-0.6725871671625849,0.7340047302967879,0.09411764705882353,0.0],[-0.8449073014419776,0.5226672770275426,-0.11378652628366526,0.0],[0.12779430838483252,0.9701380941481651,-0.2061646448462654,0.0],[0.08072022583352408,0.9766079194323644,-0.19932860303654532,0.0],[-0.034470130464637205,-0.9983978027008469,0.04464789806973373,0.0],[-0.03167772945754177,-0.9981841763942931,0.05113298237582971,0.0],[-0.254886701762417,0.7340047302967879,0.6294956893263142,0.0],[-0.5211261158159761,0.5226672770275426,0.6747081712062257,0.0]],