{"enclosure_radius": 0.23878843366140232,"triangles_verts_poly": [[0,3,2,11],[1,2,12,11],[0,4,11,12],[6,10,13,14],[7,10,6,9],[6,9,14,8],[4,15,12,1],[0,4,15,3],[5,16,17,18],[15,19,1,2,20],[5,21,22],[5,17,21],[14,23,24,16,22,21],[3,19,20],[9,25,8,16,18],[8,23,16],[7,25,17],[13,24,21],[7,10,17,13,21]],"min_bounds": [-0.20515754940108344,-0.16270695048447392,-0.1775997558556497,28086.857145037004],"res_id": 820,"triangles_poly": [[[1,2,3],[3,0,1]],[[0,2,3],[3,1,0]],[[2,3,1],[1,0,2]],[[2,3,0],[0,1,2]],[[1,2,0],[3,0,2]],[[0,2,3],[3,1,0]],[[3,1,2],[0,2,1]],[[1,2,0],[3,0,2]],[[0,2,3],[3,1,0]],[[2,3,0],[4,1,0],[4,0,3]],[[1,0,2]],[[2,1,0]],[[2,1,0],[4,2,5],[1,4,3],[4,1,2]],[[2,0,1]],[[3,4,1],[3,0,2],[0,3,1]],[[1,2,0]],[[2,0,1]],[[0,2,1]],[[4,3,1],[1,0,2],[1,2,4]]],"max_bounds": [0.20517280842298008,0.16272220950637065,0.17761501487754636,-18724.57143511101],"unique_edges": [[0,3],[2,3],[2,11],[0,11],[1,2],[1,12],[11,12],[0,4],[4,12],[6,10],[10,13],[13,14],[6,14],[7,10],[6,9],[7,9],[8,14],[8,9],[4,15],[1,15],[3,15],[5,16],[5,17],[17,18],[16,18],[15,19],[2,20],[19,20],[5,21],[5,22],[21,22],[17,21],[14,23],[14,24],[16,22],[21,24],[16,23],[3,19],[3,20],[9,25],[8,16],[18,25],[8,23],[7,25],[7,17],[17,25],[13,24],[13,21]],"name": "grenade","polys": [[0,4,0,1,65535,1,3067833782],[4,4,3,2,65535,1,3681400539],[8,4,5,3,65535,1,1840700269],[12,4,7,4,65535,1,3067833782],[16,4,8,5,65535,1,3681400539],[20,4,10,6,65535,1,1840700269],[24,4,1,7,16,1,3067833782],[28,4,2,8,14,1,3681400539],[32,4,6,9,13,0,1840700269],[36,5,4,10,12,1,3067833782],[41,3,9,11,65535,0,3681400539],[44,3,11,65535,65535,0,1840700269],[47,6,9,65535,65535,1,3067833782],[53,3,4,65535,65535,1,3681400539],[56,5,6,15,65535,1,1840700269],[61,3,9,65535,65535,1,3067833782],[64,3,6,17,65535,1,3681400539],[67,3,9,18,65535,1,1840700269],[70,5,11,65535,65535,1,3067833782]],"enclosure_point": [0.0015716792553597315,0.02276646066987106,0.006820782787823301,0.22418554970626384],"edges": [0,1,2,3,4,5,6,2,7,3,6,8,9,10,11,12,13,9,14,15,14,12,16,17,18,8,5,19,7,18,20,0,21,22,23,24,25,19,4,26,27,28,29,30,22,28,31,32,33,34,35,36,30,37,38,27,39,17,40,41,24,42,40,36,43,44,45,46,47,35,13,44,47,10,31],"vectors": [[0.28633554589150834,0.8178225375753414,-0.49916838330663005,0.0],[-0.28632028686961164,-0.8178072785534447,0.49918364232852674,0.0],[-0.28632028686961164,-0.8178072785534447,-0.49916838330663005,0.0],[0.28633554589150834,0.8178225375753414,0.49918364232852674,0.0],[0.58115510795758,-0.8137788967727169,0.0,0.0],[-0.5811398489356832,0.8137941557946136,0.0,0.0],[-0.28914320592050047,0.8178225375753414,-0.49753566796368354,0.0],[0.2891584649423972,-0.8178072785534447,0.49755092698558023,0.0],[-0.5754787518120088,-0.817792019531548,-0.0016021972991531186,0.0],[0.5754940108339055,0.8178072785534447,0.0016174563210498208,0.0],[0.29057755397879,-0.8137941557946136,-0.5032578011749447,0.0],[-0.29056229495689323,0.8138094148165103,0.5032730601968414,0.0]],"points": [[0.10345616845960173,-0.09007400625619899,0.17732509346150913,0.0],[-0.10194552529182876,-0.018142977035172092,-0.17730983443961246,1.0],[-0.2036469062333105,-0.09077592126344702,0.0,1.0],[-0.10194552529182876,-0.018142977035172092,0.17732509346150913,1.0],[0.20517280842298008,-0.01744106202792406,0.0,1.0],[0.00024414435034714275,-0.05444419012741286,-0.0008392462043183002,0.0],[-0.0007324330510414256,0.16272220950637065,0.0008545052262149996,1.0],[0.2046692607003891,0.018158236057068743,-0.00025940337224383825,1.0],[-0.10243381399252305,0.017456321049820707,0.1770351720454719,0.0],[0.10196078431372549,0.09008926527809567,0.17761501487754636,1.0],[0.10196078431372549,0.0907911802853437,-0.17701991302357523,1.0],[0.0017395284962233922,-0.16270695048447392,0.0,1.0],[0.10345616845960173,-0.09007400625619899,-0.17730983443961246,1.0],[-0.10243381399252305,0.018158236057068743,-0.1775997558556497,1.0],[-0.20515754940108344,0.09008926527809567,0.0002746623941405356,1.0],[-0.0002288853284504455,0.05445944914930953,0.0,1.0],[-0.0773785000381475,-7.629510948348184e-05,0.13363851377126726,0.0],[0.15405508506904708,0.00016784924086366064,-0.0004119935912108019,1.0],[0.15405508506904708,0.0004272526131074998,0.0,0.0],[-0.07663080796520938,-6.103608758678547e-05,0.13319600213626306,1.0],[-0.15332265201800566,-0.05484092469672697,0.08775463492790112,1.0],[-0.07663080796520938,-6.103608758678547e-05,-0.13318074311436634,1.0],[-0.07699702449073009,-0.0003356984817273201,0.13298237582970932,0.0],[-0.15330739299610896,0.05342183566033417,0.08950942244602121,0.0],[-0.15382619974059664,0.054139009689478906,-0.08860914015411614,0.0],[0.15429922941939422,0.053437094682230867,0.0869611657892729,0.0]],"normals": [[0,0,0,1],[1,1,0,1],[2,0,0,1],[3,2,0,1],[4,3,0,1],[5,4,0,1],[6,5,1,1],[7,6,1,1],[8,7,1,1],[9,8,1,1],[10,9,1,1],[11,10,1,1]],"colors": [[1.0039370078740157,1.0039370078740157,0.0,0.0],[0.0,1.0039370078740157,0.0,0.0]]}