{"enclosure_radius": 5.190981918059053,"triangles_verts_poly": [[0,2,21],[1,30,0],[0,30,2],[10,30,2],[2,10,20],[14,17,19],[1,17,0],[10,13,20],[12,31,19,32],[19,27,26],[17,33,27],[1,5,30],[5,11,30],[11,30,10],[6,8,4],[4,8,5],[8,34,5],[5,34,11],[35,36,37,38,39,40,41,22],[3,4,42],[3,43,44],[3,42,43,45,46],[47,48,49,50],[51,52,53],[51,52,49,50],[3,13,54],[15,34,11],[11,15,16],[6,18,7],[15,18,16],[16,18,7],[7,55,56,57],[7,16,55],[58,59,60,61,62,63],[59,64,63],[64,65,66,62],[65,67,66],[6,7,4],[23,68,69,52,53,70],[68,71,52,47],[4,7,3],[3,57,7],[61,72,62],[72,73,62,74],[66,73,74],[23,67,66,73,69],[16,75,13,76],[11,16,75],[13,16,55],[13,55,56],[3,54,77,78,44],[36,60,22,73],[22,73,40,69],[40,69,41,70],[17,43,46],[17,78,43],[11,79,75,80],[75,80,76,81],[10,79,80],[10,80,81],[1,42,45],[1,42,4],[4,5,1],[17,19,27],[0,27,21],[26,27,82],[19,28,26],[12,19,28],[21,82,29],[21,27,82],[9,12,83],[2,84,9,85],[9,85,12],[12,83,28],[2,86,9],[21,86,9],[9,29,83],[9,21,29],[0,33,27],[20,84,85],[12,20,31],[20,85,12],[13,20,14],[13,14,54],[14,20,31],[14,31,32],[14,54,77],[25,39,24,41],[24,41,51],[24,51,25,48]],"min_bounds": [-4.76595712214847,-0.8084229800869764,-3.9514763103685056,27388.80512703136],"res_id": 830,"triangles_poly": [[[0,2,1]],[[2,1,0]],[[2,1,0]],[[2,0,1]],[[0,2,1]],[[1,0,2]],[[2,0,1]],[[2,1,0]],[[0,2,1],[3,1,2]],[[1,0,2]],[[1,0,2]],[[0,2,1]],[[2,1,0]],[[0,1,2]],[[2,1,0]],[[0,2,1]],[[2,1,0]],[[0,2,1]],[[3,4,2],[7,0,2],[2,4,6],[5,7,2],[1,0,7],[2,6,5]],[[1,0,2]],[[2,1,0]],[[4,3,0],[4,0,2],[0,3,1]],[[2,1,0],[0,3,2]],[[2,0,1]],[[0,2,3],[3,1,0]],[[0,1,2]],[[1,2,0]],[[0,2,1]],[[0,1,2]],[[1,0,2]],[[2,1,0]],[[3,0,1],[1,2,3]],[[0,1,2]],[[0,2,3],[0,3,4],[4,1,0],[1,4,5]],[[0,2,1]],[[3,2,0],[1,0,2]],[[1,0,2]],[[2,0,1]],[[4,3,2],[2,3,1],[4,2,5],[2,1,0]],[[2,3,1],[1,0,2]],[[0,1,2]],[[0,2,1]],[[0,1,2]],[[0,1,2],[3,2,1]],[[1,0,2]],[[4,0,1],[2,3,4],[2,4,1]],[[0,1,2],[3,2,1]],[[0,2,1]],[[1,0,2]],[[1,0,2]],[[4,0,1],[3,1,2],[1,3,4]],[[1,0,2],[2,3,1]],[[0,2,1],[3,1,2]],[[0,2,1],[3,1,2]],[[0,2,1]],[[2,1,0]],[[0,1,2],[3,2,1]],[[0,1,2],[3,2,1]],[[1,0,2]],[[1,0,2]],[[2,0,1]],[[2,1,0]],[[2,1,0]],[[1,2,0]],[[0,1,2]],[[1,0,2]],[[0,1,2]],[[2,1,0]],[[0,1,2]],[[0,1,2]],[[0,2,1]],[[1,0,2],[2,3,1]],[[0,2,1]],[[0,1,2]],[[0,1,2]],[[1,0,2]],[[0,1,2]],[[1,2,0]],[[0,1,2]],[[1,2,0]],[[0,2,1]],[[1,2,0]],[[1,2,0]],[[2,0,1]],[[1,2,0]],[[1,2,0]],[[1,0,2]],[[1,0,2],[2,3,1]],[[0,2,1]],[[2,3,0],[1,0,3]]],"max_bounds": [4.713237201495384,0.9353170061799039,3.5685053788052183,591.3968719005112],"unique_edges": [[0,2],[0,21],[2,21],[1,30],[0,1],[0,30],[2,30],[10,30],[2,10],[2,20],[10,20],[14,17],[14,19],[17,19],[1,17],[0,17],[10,13],[13,20],[12,31],[12,19],[19,32],[31,32],[19,27],[19,26],[26,27],[17,33],[17,27],[27,33],[1,5],[5,30],[5,11],[11,30],[10,11],[6,8],[4,6],[4,8],[4,5],[5,8],[8,34],[5,34],[11,34],[35,36],[35,37],[37,38],[38,39],[40,41],[22,40],[22,36],[39,41],[3,4],[3,42],[4,42],[3,43],[43,44],[3,44],[45,46],[42,45],[43,46],[47,48],[48,49],[47,50],[49,50],[51,52],[51,53],[52,53],[49,51],[50,52],[3,13],[3,54],[13,54],[15,34],[11,15],[11,16],[15,16],[6,18],[7,18],[6,7],[15,18],[16,18],[7,16],[7,55],[56,57],[55,56],[7,57],[16,55],[58,59],[58,60],[60,61],[61,62],[62,63],[59,63],[59,64],[63,64],[64,65],[65,66],[62,66],[62,64],[65,67],[66,67],[4,7],[23,68],[23,69],[52,68],[53,70],[69,70],[68,71],[47,71],[47,52],[3,7],[3,57],[61,72],[62,72],[72,73],[62,74],[73,74],[66,73],[66,74],[23,67],[69,73],[16,75],[13,76],[13,16],[75,76],[11,75],[13,55],[13,56],[77,78],[54,77],[44,78],[36,60],[22,73],[60,73],[40,69],[41,70],[17,43],[17,46],[17,78],[43,78],[11,79],[75,80],[79,80],[76,81],[80,81],[10,79],[10,80],[10,81],[1,42],[1,45],[1,4],[0,27],[21,27],[26,82],[27,82],[19,28],[26,28],[12,28],[21,82],[29,82],[21,29],[9,12],[9,83],[12,83],[2,84],[2,9],[9,85],[84,85],[12,85],[28,83],[2,86],[9,86],[21,86],[9,21],[9,29],[29,83],[0,33],[20,84],[20,85],[12,20],[20,31],[14,20],[13,14],[14,54],[14,31],[14,32],[14,77],[25,39],[24,25],[24,41],[24,51],[41,51],[25,48],[48,51]],"name": "starfighter","polys": [[0,3,1,1,65535,1,1794952732],[3,3,4,2,65535,1,38757785],[6,3,5,3,65535,1,824358843],[9,3,15,4,65535,1,3309530000],[12,3,16,5,65535,1,3309530000],[15,3,28,6,65535,1,0],[18,3,3,7,87,1,1741351540],[21,3,22,8,82,1,1045635558],[24,4,36,9,79,1,824358843],[28,3,46,10,64,1,3309530000],[31,3,0,11,63,1,3309530000],[34,3,9,65535,12,1,0],[37,3,17,13,14,1,3673468348],[40,3,18,65535,65535,1,1630300866],[43,3,12,15,60,1,0],[46,3,13,16,65535,1,1741351540],[49,3,19,17,58,1,1045635558],[52,3,20,18,56,3,824358843],[55,8,40,19,54,1,2739982976],[63,3,7,20,25,1,2739982976],[66,3,30,21,65535,0,2887317535],[69,5,2,22,23,1,3849115331],[74,4,44,65535,65535,0,4156153953],[78,3,43,24,65535,1,824358843],[81,4,44,65535,65535,1,3309530000],[85,3,29,26,50,1,3309530000],[88,3,26,27,46,1,2887317535],[91,3,27,28,65535,1,3849115331],[94,3,10,29,37,1,4156153953],[97,3,33,30,31,1,824358843],[100,3,34,65535,65535,1,38757785],[103,4,32,32,35,1,1794952732],[107,3,31,33,34,1,824358843],[110,6,41,65535,65535,0,3309530000],[116,3,41,65535,65535,0,3309530000],[119,4,41,36,65535,1,2887317535],[123,3,42,65535,65535,1,3309530000],[126,3,11,65535,38,1,3309530000],[129,6,43,39,65535,1,824358843],[135,4,44,40,65535,1,38757785],[139,3,6,41,44,1,1794952732],[142,3,32,42,43,1,0],[145,3,41,65535,65535,0,3673468348],[148,4,41,65535,65535,1,1630300866],[152,3,41,45,65535,0,824358843],[155,5,42,65535,65535,1,38757785],[160,4,25,47,48,1,1794952732],[164,3,24,65535,65535,1,0],[167,3,31,49,65535,1,1045635558],[170,3,32,65535,65535,1,1741351540],[173,5,30,65535,51,1,0],[178,4,41,52,65535,3,3673468348],[182,4,42,53,65535,1,1630300866],[186,4,43,65535,65535,1,824358843],[190,3,2,55,65535,1,3849115331],[193,3,30,65535,65535,1,4156153953],[196,4,24,57,65535,0,2887317535],[200,4,25,65535,65535,0,0],[204,3,24,59,65535,1,43980465],[207,3,25,65535,65535,1,824358843],[210,3,2,61,65535,1,38757785],[213,3,7,65535,62,1,1794952732],[216,3,8,65535,65535,1,2887317535],[219,3,35,65535,65535,1,0],[222,3,39,65,78,1,43980465],[225,3,45,65535,66,1,824358843],[228,3,47,65535,67,1,3703155162],[231,3,48,65535,68,1,1434312918],[234,3,53,69,70,1,824358843],[237,3,54,65535,65535,1,38757785],[240,3,50,71,75,1,1794952732],[243,4,14,72,74,1,2887317535],[247,3,37,73,65535,1,38757785],[250,3,49,65535,65535,1,1794952732],[253,3,38,65535,65535,1,824358843],[256,3,38,76,65535,1,3703155162],[259,3,51,65535,77,1,1434312918],[262,3,52,65535,65535,1,0],[265,3,0,65535,65535,1,1045635558],[268,3,14,80,65535,1,1741351540],[271,3,21,81,65535,1,824358843],[274,3,37,65535,65535,1,3703155162],[277,3,23,83,65535,1,1434312918],[280,3,29,84,86,1,0],[283,3,21,65535,85,1,2034096511],[286,3,36,65535,65535,1,2341410011],[289,3,30,65535,65535,1,0],[292,4,40,88,65535,1,1045635558],[296,3,43,89,65535,1,1741351540],[299,4,44,65535,65535,3,824358843]],"enclosure_point": [-0.028595407034409104,-0.0028839551384756135,-1.6223544670786603,5.197650110627909],"edges": [0,1,2,3,4,5,5,0,6,7,6,8,8,9,10,11,12,13,14,15,4,16,10,17,18,19,20,21,22,23,24,25,26,27,28,3,29,30,29,31,31,7,32,33,34,35,35,36,37,38,37,39,39,30,40,41,42,43,44,45,46,47,48,49,50,51,52,53,54,50,52,55,56,57,58,59,60,61,62,63,64,62,65,66,61,67,68,69,70,40,71,71,72,73,74,75,76,77,73,78,78,79,75,80,81,82,83,79,80,84,85,86,87,88,89,90,91,92,90,93,94,95,96,97,94,98,76,99,34,100,101,102,103,64,104,105,102,106,107,99,108,49,109,108,83,110,88,111,112,113,114,111,115,116,114,117,115,101,118,98,119,120,121,122,72,119,123,121,124,84,124,125,82,68,126,127,128,54,129,47,130,131,130,46,132,118,132,45,133,104,134,135,57,136,134,137,138,139,140,123,139,141,142,122,143,144,140,144,145,142,146,147,56,146,148,51,36,148,28,13,22,26,149,150,1,24,151,152,153,154,23,19,155,153,156,157,158,150,152,156,159,160,161,162,163,164,165,164,159,166,161,167,155,168,163,169,170,171,169,172,173,160,171,158,172,174,149,27,175,176,165,177,18,178,176,177,166,17,179,180,180,181,69,179,182,178,182,183,21,181,184,127,185,186,187,48,187,188,189,188,186,190,191],