{"enclosure_radius": 1.7303578240634776,"triangles_verts_poly": [[3,12,5],[3,13,5],[13,14,5],[11,14,5],[11,12,5],[0,2,1],[0,15,2],[3,16,2],[1,3,12],[1,2,3],[12,17,18],[1,12,17],[4,15,2],[6,15,4],[2,13,16],[2,4,13],[13,19,4],[6,10,4],[6,7,10],[4,14,19],[4,10,14],[14,20,10],[7,8,10],[7,9,8],[10,11,20],[8,10,11],[8,17,11,18],[8,17,21],[1,9,8],[0,9,1],[1,8,21]],"min_bounds": [-1.188937209124895,-1.9455863279163805,-2.2560769054703593,27756.427649347675],"res_id": 831,"triangles_poly": [[[0,2,1]],[[1,2,0]],[[0,1,2]],[[1,0,2]],[[2,0,1]],[[1,2,0]],[[1,2,0]],[[1,0,2]],[[1,2,0]],[[2,0,1]],[[1,0,2]],[[0,1,2]],[[1,0,2]],[[0,2,1]],[[1,2,0]],[[2,0,1]],[[0,2,1]],[[0,1,2]],[[0,1,2]],[[0,1,2]],[[0,1,2]],[[0,2,1]],[[0,1,2]],[[0,1,2]],[[0,1,2]],[[1,0,2]],[[0,1,2],[3,2,1]],[[0,2,1]],[[0,2,1]],[[2,1,0]],[[0,2,1]]],"max_bounds": [1.1889524681467918,0.054398413061722745,0.005691615167467765,25159.310078583963],"unique_edges": [[3,12],[3,5],[5,12],[3,13],[5,13],[13,14],[5,14],[11,14],[5,11],[11,12],[0,2],[1,2],[0,1],[0,15],[2,15],[3,16],[2,3],[2,16],[1,3],[1,12],[12,17],[12,18],[17,18],[1,17],[4,15],[2,4],[6,15],[4,6],[2,13],[13,16],[4,13],[13,19],[4,19],[6,10],[4,10],[6,7],[7,10],[4,14],[14,19],[10,14],[14,20],[10,20],[7,8],[8,10],[7,9],[8,9],[10,11],[11,20],[8,11],[8,17],[11,18],[17,21],[8,21],[1,9],[1,8],[0,9],[1,21]],"name": "Tractortower","polys": [[0,3,4,65535,1,2,2002476638],[3,3,9,65535,2,2,1162387839],[6,3,14,65535,3,2,1281186910],[9,3,23,65535,4,2,1531529571],[12,3,24,65535,5,2,1937338215],[15,3,0,6,12,2,1600806745],[18,3,1,7,65535,2,1835362415],[21,3,7,65535,8,2,1666994797],[24,3,2,9,10,2,1314217822],[27,3,3,65535,65535,2,3331414121],[30,3,21,65535,11,2,862675039],[33,3,22,65535,65535,2,2104972148],[36,3,5,13,17,2,1600417648],[39,3,6,14,65535,2,1969646432],[42,3,7,15,16,2,1936747879],[45,3,8,65535,65535,2,1668121651],[48,3,12,65535,65535,2,1700028254],[51,3,10,18,22,2,2759303579],[54,3,11,19,65535,2,1852006494],[57,3,12,20,21,2,2015661154],[60,3,13,65535,65535,2,1970304367],[63,3,19,65535,65535,2,1600413271],[66,3,15,23,28,2,1802200425],[69,3,16,24,65535,2,1344405645],[72,3,19,25,26,2,1381457758],[75,3,20,65535,65535,2,1014267551],[78,4,21,65535,27,2,1986092894],[82,3,22,65535,65535,2,1883606140],[85,3,17,29,65535,2,1684632936],[88,3,18,30,65535,2,2037999195],[91,3,22,65535,65535,2,1802597998]],"enclosure_point": [-0.0803845273517968,-1.477607385366598,-0.8687266346227207,3.068162050812543],"edges": [0,1,2,3,4,1,5,6,4,7,8,6,9,2,8,10,11,12,13,14,10,15,16,17,18,0,19,11,16,18,20,21,22,19,20,23,24,25,14,26,27,24,28,29,17,25,30,28,31,30,32,33,34,27,35,36,33,37,38,32,34,39,37,40,39,41,42,43,36,44,45,42,46,47,41,43,48,46,49,50,48,22,49,51,52,53,54,45,55,12,53,54,56,52],"vectors": [[-0.4704356450751507,0.5993286030365453,0.6476844434271763,0.0],[-0.5513847562371252,-0.5046158541237507,0.6643167772945754,0.0],[-0.5228046082246127,-0.45670252536812395,0.7197833218890669,0.0],[-0.4648355840390631,0.8816357671473258,-0.08155947203784242,0.0],[-0.7614099336232547,0.5993286030365453,-0.24707408255130847,0.0],[-0.8461585412375067,-0.45670252536812395,-0.27458609903105213,0.0],[-0.8461585412375067,-0.45668726634622725,-0.27458609903105213,0.0],[-0.47988097962920573,0.8634012359807737,-0.15571831845578699,0.0],[-0.000457770656900891,0.5993286030365453,-0.8004882887006943,0.0],[-0.0005035477225909801,-0.45670252536812395,-0.8896009765774013,0.0],[-0.0002746623941405346,0.8634012359807737,-0.5045090409704738,0.0],[0.7611200122072175,0.5993286030365453,-0.24797436484321356,0.0],[0.47090867475394826,0.5991607537956817,0.647501335164416,0.0],[0.8458533607995727,-0.45670252536812395,-0.2755931944762341,0.0],[0.5733272297245746,-0.47638666361486226,0.6665903715571831,0.0],[0.5011520561532006,-0.5234302281223773,0.6890974288548104,0.0],[0.4797131303883421,0.8634012359807737,-0.15628290226596475,0.0],[0.46462195773250936,0.8817425803006027,-0.08157473105973911,0.0]],"points": [[-0.00021362630655374915,-1.9455863279163805,0.005691615167467765,1.0],[-0.00021362630655374915,-1.0,-0.8692912184328985,1.0],[-0.3568322270542458,-1.0,-1.1283131151293202,0.0],[-0.7134508278019379,-0.4089875638971542,-1.0123445487144274,0.0],[-0.22076752880140382,-1.0,-1.5475700007629511,1.0],[-0.00021362630655374915,-0.054383154039826076,-1.244281681544213,1.0],[-0.7354238193331808,-1.9455863279163805,-2.2552071412222476,1.0],[0.7337758449683375,-1.9455863279163805,-2.2560769054703593,1.0],[0.3565270466163119,-1.0,-1.1287403677424277,1.0],[1.1889524681467918,-1.9455863279163805,-0.8591439688715954,1.0],[0.2199740596627756,-1.0,-1.547829404135195,1.0],[0.7132829785610743,-0.4089875638971542,-1.0131990539406424,1.0],[-0.00021362630655374915,0.054398413061722745,-0.06832990005340656,1.0],[-0.4413366903181506,-0.4089875638971542,-1.8508430609597926,1.0],[0.44017700465400167,-0.4089875638971542,-1.851377126726177,1.0],[-1.188937209124895,-1.9455863279163805,-0.8577401388570993,0.0],[-0.47135118638895246,-0.4089875638971542,-1.7583886472877088,0.0],[0.2759136339360647,-0.7617608911268787,-0.8891584649423971,1.0],[0.6697947661554894,-0.3807431143663691,-0.9556267643244069,1.0],[0.3429617761501488,-0.4089875638971542,-1.8513160906385902,1.0],[0.6831616693369955,-0.4089875638971542,-1.1056229495689327,1.0],[0.2589303425650416,-0.7764095521477073,-0.8879377431906614,0.0]],"normals": [[0,0,0,2],[0,0,0,2],[1,1,0,2],[2,2,0,2],[3,3,0,2],[4,4,0,2],[4,4,0,2],[5,2,0,2],[6,4,0,2],[7,5,0,2],[8,6,0,2],[8,7,0,2],[9,4,0,2],[9,4,0,2],[10,5,0,2],[11,8,0,2],[11,8,0,2],[12,9,0,2],[12,0,0,2],[13,10,0,2],[13,8,0,2],[14,8,0,2],[15,8,0,2],[16,5,0,2],[17,11,0,2]],"colors": [[1.0,1.0,0.0,1.0]]}