{"enclosure_radius": 0.565972381170367,"triangles_verts_poly": [[2,8,0],[0,2,1],[1,3,13],[3,13,14],[0,1,15],[0,6,16],[2,4,1],[1,4,3],[3,5,14],[5,14,17],[5,6,17],[6,17,16],[7,18,5],[5,7,6],[4,18,3],[7,8,6],[9,12,7],[7,9,8],[9,10,8],[8,10,2],[10,11,2],[2,11,4],[4,19,18],[11,19,4],[12,19,18],[12,18,7],[6,8,0],[3,18,5],[0,16,15],[1,15,13]],"min_bounds": [-0.49999237048905165,-0.19998474097810326,-0.299977111467155,42.0000152590219],"res_id": 832,"triangles_poly": [[[0,1,2]],[[1,0,2]],[[1,0,2]],[[0,1,2]],[[0,2,1]],[[1,2,0]],[[1,0,2]],[[2,1,0]],[[1,0,2]],[[0,1,2]],[[2,1,0]],[[1,2,0]],[[2,0,1]],[[0,2,1]],[[1,0,2]],[[0,2,1]],[[2,0,1]],[[0,2,1]],[[2,1,0]],[[0,2,1]],[[1,0,2]],[[2,1,0]],[[2,1,0]],[[2,1,0]],[[2,0,1]],[[2,0,1]],[[1,0,2]],[[2,1,0]],[[1,2,0]],[[0,1,2]]],"max_bounds": [0.5000076295109483,0.2,0.7000076295109483,28.098680094605935],"unique_edges": [[2,8],[0,8],[0,2],[0,1],[1,2],[1,3],[1,13],[3,13],[13,14],[3,14],[0,15],[1,15],[0,6],[6,16],[0,16],[2,4],[1,4],[3,4],[3,5],[5,14],[14,17],[5,17],[5,6],[6,17],[16,17],[7,18],[5,18],[5,7],[6,7],[4,18],[3,18],[7,8],[6,8],[9,12],[7,12],[7,9],[8,9],[9,10],[8,10],[2,10],[10,11],[2,11],[4,11],[4,19],[18,19],[11,19],[12,19],[12,18],[15,16],[13,15]],"name": "Shooter2","polys": [[0,3,5,1,65535,3,1697],[3,3,6,2,65535,3,4325377],[6,3,7,3,65535,3,1950900590],[9,3,8,4,65535,3,1634888515],[12,3,2,5,29,3,252],[15,3,0,6,28,3,65564],[18,3,9,7,65535,3,1701984826],[21,3,10,8,65535,3,1684],[24,3,11,9,65535,3,5898241],[27,3,12,10,65535,3,1950900590],[30,3,15,11,65535,3,1951495529],[33,3,16,12,65535,3,65572],[36,3,17,13,65535,3,524502390],[39,3,18,14,65535,3,1114795873],[42,3,13,15,27,3,1702],[45,3,19,16,26,3,7471105],[48,3,20,65535,17,3,1950900590],[51,3,21,65535,18,3,1131375981],[54,3,22,65535,19,3,378],[57,3,23,65535,20,3,65564],[60,3,24,21,22,3,1701984826],[63,3,25,65535,65535,3,1701],[66,3,27,23,24,3,8519681],[69,3,26,65535,65535,3,1950900590],[72,3,28,25,65535,3,1332634949],[75,3,29,65535,65535,3,434],[78,3,4,65535,65535,3,65572],[81,3,14,65535,65535,3,1701984826],[84,3,1,65535,65535,3,1682273893],[87,3,3,65535,65535,3,30277633]],"enclosure_point": [0.02732890821698329,-0.010345616845960137,0.1521324483100633,0.7050125886930648],"edges": [0,1,2,2,3,4,5,6,7,7,8,9,3,10,11,12,13,14,15,4,16,16,5,17,18,9,19,19,20,21,22,21,23,23,24,13,25,26,27,27,22,28,29,17,30,31,28,32,33,34,35,35,31,36,37,36,38,38,0,39,40,39,41,41,15,42,43,29,44,45,42,43,46,44,47,47,25,34,32,12,1,30,18,26,14,48,10,11,49,6],"vectors": [[-0.27862973983367667,-0.9426718547341115,0.18361181048294806,0.0],[-0.24010070954451823,-0.9435111009384298,0.22829022659647516,0.0],[-0.5451743343251698,0.7969787136644542,0.26001373311970705,0.0],[-0.5425192645151447,0.7954070344090943,0.2701915007248035,0.0],[-0.02684061951628902,-0.22603189135576407,0.9737544823376821,0.0],[-0.14171053635461972,0.7707331960021363,0.621210040436408,0.0],[-0.1801174944686046,0.8495918211642633,0.49575036240177006,0.0],[0.00019836728465705348,0.9878233005264363,0.1556267643244068,0.0],[0.00012207217517357137,0.9199511711299305,0.39205004959182116,0.0],[0.535210193026627,0.8006713969634547,0.26923018234531165,0.0],[0.5512169069962616,0.7915465018692301,0.26385900663767453,0.0],[0.2768444342717632,0.7925230792706187,0.5434042877851529,0.0],[0.14578469520103762,0.8462348363469901,0.512489509422446,0.0],[0.27168688487067977,-0.9302662699320974,0.2465247577630274,0.0],[0.25052262149996185,-0.9502403295948729,0.1850919356069276,0.0],[0.11976806286717022,0.5104448004882887,0.8515297169451438,0.0],[0.10931563286793317,-0.48448920424200814,0.8679331654840925,0.0],[-0.39519340810254067,-0.44773022049286637,0.8020752269779508,0.0],[0.2853284504463264,0.958434424353399,-0.0038757915617608774,0.0],[0.29228656443122,0.9563286793316549,-0.004928664072632927,0.0],[0.7962920576791027,-0.6048981460288396,0.0031280994888227666,0.0],[0.7899137865262836,-0.6131990539406424,0.002456702525368124,0.0],[-0.00021362630655374915,-0.9999847409781033,0.0040131227588311585,0.0],[-0.0002288853284504455,-0.9999847409781033,0.0040131227588311585,0.0],[-0.7957732509346152,-0.6055542839703976,0.002426184481574731,0.0],[-0.79145494773785,-0.6112001220721752,0.0031586175326161594,0.0],[-0.2834668497749294,0.9589684901197834,-0.004943923094529623,0.0],[-0.2916151674677653,0.9565270466163119,-0.0038757915617608774,0.0]],"points": [[0.36784924086366066,0.028793774319066146,-0.25085831998168917,1.0],[0.22700846875715266,-0.15181200885023272,0.007522697795071336,1.0],[0.06385900663767452,-0.058045319295033204,-0.2124208438239109,1.0],[-0.2275577935454337,-0.15170519569695584,0.007400625619897764,1.0],[-0.06414892805371175,-0.05801480125123981,-0.2124513618677043,1.0],[-0.36787975890745406,0.028976882581826506,-0.2510414282444495,1.0],[-7.629510948348184e-05,0.14064240482185092,-0.23503471427481504,1.0],[-7.629510948348184e-05,0.0243076218814374,-0.299977111467155,1.0],[0.10353246356908523,-0.007156481269550596,-0.26649881742580306,1.0],[0.10353246356908523,-0.003494316014343468,0.4420996414129854,1.0],[0.06385900663767452,-0.05436789501792938,0.7000076295109483,1.0],[-0.06414892805371175,-0.05433737697413599,0.6999618524452582,1.0],[-7.629510948348184e-05,0.02798504615854124,0.6009918364232852,1.0],[0.30858319981689175,-0.19998474097810326,0.3130998702983139,1.0],[-0.3092545967803464,-0.1998321507591363,0.3129472800793469,1.0],[0.5000076295109483,0.04798962386511025,-0.03256275272755016,1.0],[-7.629510948348184e-05,0.2,0.06964217593652247,1.0],[-0.49999237048905165,0.04823376821545739,-0.032822156099794,1.0],[-0.10366979476615545,-0.007110704203860507,-0.26655985351338984,1.0],[-0.10366979476615545,-0.0034332799267566827,0.4420538643472953,1.0]],"normals": [[0,0,0,3],[1,0,0,3],[2,1,0,3],[3,1,0,3],[4,0,0,3],[5,2,0,3],[6,2,0,3],[7,1,0,3],[7,3,0,3],[8,2,0,3],[8,4,0,3],[9,5,0,3],[10,5,0,3],[11,4,0,3],[12,5,0,3],[13,6,0,3],[14,6,0,3],[15,7,0,3],[16,7,0,3],[17,8,0,3],[18,9,1,3],[19,8,1,3],[20,10,1,3],[21,10,1,3],[22,11,1,3],[23,11,1,3],[24,4,1,3],[25,4,1,3],[26,12,1,3],[27,12,1,3]],"colors": [[1.0,1.0,0.0,1.0],[0.0,1.0,0.0,0.0]]}